Dress_ID;Style;Price;Rating;Size;Season;NeckLine;SleeveLength;Waistline;PatternType;Recommendation;Sales1.5Month;URL
1212192089;Casual;Low;0;L;Summer;o-neck;Petal;natural;animal;0;4126;http://www.aliexpress.com/item/Free-shipping-2013-New-Celebrity-Style-Women-Summer-Fly-Sleeve-O-neck-Slim-Waist-Animal-Leopard/1212192089.html
1004212992;Sexy;Average;4,7;M;Spring;o-neck;sleeveless;natural;solid;1;2085;http://www.aliexpress.com/item/NEW-Korean-Womens-Fashion-Chiffon-Pleated-Bow-Sleeveless-Shoulder-Beads-Dress-M-L-XL-L0341116/1004212992.html
1006032852;Sexy;Low;4,6;M;Summer;o-neck;sleeveless;empire;animal;1;1934;http://www.aliexpress.com/item/1360-Fashion-high-street-Women-s-Clothing-sexy-leopard-print-Casual-Sundress-Mini-causal-Dress/1006032852.html
1210582154;sexy;Low;0;M;Spring;v-neck;short;natural;solid;1;1831;http://www.aliexpress.com/item/2013-Summer-New-Black-White-Stripes-Chiffon-Dress-Transparent-Lace-Women-s-Dresses-Free-Shipping-Casual/1210582154.html
957723897;sexy;Low;4,7;M;Winter;o-neck;threequarter;;print;1;1744;http://www.aliexpress.com/item/2013-Women-Ladies-Sexy-Cotton-Lace-Dress-Maxi-Casual-Dress-S-M-L-XL-For-Spring/957723897.html
876339541;cute;Low;4,5;M;Summer;o-neck;butterfly;natural;dot;0;1740;http://www.aliexpress.com/item/NEW-With-belt-Fashion-Women-Lady-Chiffon-Dress-Summer-Short-Dots-Dress-Polka-Waist-Mini-Dress/876339541.html
749031896;vintage;Average;4,8;M;Summer;o-neck;short;empire;animal;1;1672;http://www.aliexpress.com/item/Free-Shipping-2013-HOT-SALE-Women-Spring-Summer-Fashion-cotton-dress-mini-dress-0019/749031896.html
1054679816;party;Average;4,6;M;Winter;o-neck;sleeveless;natural;solid;1;1482;http://www.aliexpress.com/item/2013-spring-summer-new-fashion-women-lined-100-cotton-lace-European-American-style-sexy-sleeveless-dress/1054679816.html
1246749980;vintage;Average;0;S;Spring;o-neck;full;natural;print;0;1281;http://www.aliexpress.com/item/Black-white-Dress-Sweet-Semi-Sexy-Sheer-Long-Sleeve-Embroidery-Floral-Lace-Crochet-Tee-Top-T/1246749980.html
1206128856;Casual;Low;0;L;Winter;o-neck;sleeveless;empire;leopard;0;1241;http://www.aliexpress.com/item/2013-Sexy-Women-Ruffles-Leopard-Print-Casual-Party-Tunic-One-Piece-Novelty-Skater-Swing-Mini-Dress/1206128856.html
732757918;Sexy;Average;4,7;M;Autumn;slash-neck;sleeveless;natural;solid;0;1079;http://www.aliexpress.com/item/White-Fashion-Wrapped-Chest-Mini-Dress-Cheap-price-Free-Shipping-Fast-Delivery-LC2660/732757918.html
1216538883;cute;Average;0;M;Winter;o-neck;short;natural;solid;0;1069;http://www.aliexpress.com/item/Free-shipping-Rompers-lace-openwork-stitching-collision-color-ladies-Siamese-culottes-summer-women-dress-wholesale-jumpsuits/1216538883.html
1016250560;vintage;Average;0;M;Spring;o-neck;half;empire;animal;0;1067;http://www.aliexpress.com/item/B012-New-Hot-2013-New-Fashion-Women-s-Butterfly-Sexy-Print-Lace-Hollow-Embroidered-Mini-Dress/1016250560.html
840516484;Sexy;Average;4,7;S;Summer;v-neck;sleeveless;empire;solid;1;1060;http://www.aliexpress.com/item/Black-Gauze-Pillette-Bsic-Slim-hip-Sxy-dress-ne-piece-E0001/840516484.html
941190190;Casual;Average;4,5;M;Spring;v-neck;short;empire;solid;1;1041;http://www.aliexpress.com/item/2013-New-Summer-Women-Top-Fashion-V-Neck-Short-Sleeve-Button-Empire-Waist-Slim-Wiggle-Pencil/941190190.html
943414146;Sexy;Average;4,5;S;Winter;v-neck;sleeveless;;;0;986;http://www.aliexpress.com/item/SEXY-PAILLETTE-GAUZE-PERSPECTIVE-PACKAGE-HIP-SLIM-SLEEVELESS-DRESS-GWF-6108/943414146.html
966005983;Brief;Average;4,6;L;Spring;o-neck;full;natural;print;1;958;http://www.aliexpress.com/item/Free-Shiiping-Black-white-Dress-Sweet-Semi-Sexy-Sheer-Long-Sleeve-Embroidery-Floral-Lace-Crochet-Tee/966005983.html
624314841;cute;Average;4,7;L;spring;o-neck;short;;solid;1;939;http://www.aliexpress.com/item/New-2013-spring-summer-new-womens-Court-style-Retro-Lace-Sleeveless-vest-dress/624314841.html
879756967;Casual;Low;4,8;M;Winter;v-neck;sleeveless;natural;print;0;916;http://www.aliexpress.com/item/Free-Shipping-2013-New-Arrive-Sexy-Colorful-Printed-Design-Fashion-Lady-Summer-Dress-4190/879756967.html
856178100;Casual;Low;4,3;M;Summer;o-neck;sleeveless;natural;solid;0;905;http://www.aliexpress.com/item/New-2013-Summer-Women-s-Mini-Dress-Crew-Neck-Chiffon-Sleeveless-Causal-Tunic-Sundress-4-colors/856178100.html
907117649;party;Average;4,7;M;Spring;v-neck;sleeveless;natural;solid;0;899;http://www.aliexpress.com/item/European-and-American-nightclub-sexy-low-cut-gauze-perspective-hollow-Slim-package-hip-dress-free-shipping/907117649.html
763708514;sexy;Average;4,5;M;Spring;o-neck;threequarter;natural;geometric;0;870;http://www.aliexpress.com/item/2013-New-Fashion-Bodycon-Lady-Women-Lace-Dress-Slash-O-Neck-Cocktail-Evening-Mini-Dress-Black/763708514.html
1083323104;Sexy;low;4,5;L;Spring;o-neck;sleeveless;;solid;0;866;http://www.aliexpress.com/item/Women-See-through-Sleeveless-Splicing-Lace-Party-Clubbing-Mini-Dress-Sexy-Chic/1083323104.html
1019768234;vintage;Average;4,8;L;Winter;o-neck;sleeveless;natural;patchwork;0;858;http://www.aliexpress.com/item/2013-Fashion-Women-Elegant-Vintage-Geometry-Design-Sleeveless-O-Neck-Stretchy-Bodycom-Party-Evening-Slim-Dress/1019768234.html
822081627;Sexy;Average;4,5;M;Summer;bowneck;sleeveless;;solid;0;844;http://www.aliexpress.com/item/M-XXL-plus-szie-4-color-black-red-blue-purple-2013-new-Drop-free-ship-Sexy/822081627.html
1019134411;Casual;Average;5;M;Autumn;v-neck;short;natural;solid;0;835;http://www.aliexpress.com/item/Free-shippong-New-V-Neck-Fashion-Work-Sliming-Knee-Length-Pocket-Party-elebrity-Pencil-dress/1019134411.html
939422280;cute;Average;4,3;L;Winter;o-neck;sleeveless;natural;solid;0;807;http://www.aliexpress.com/item/Spring-2013-women-s-full-dress-all-match-Women-chiffon-bohemia-romantic-beach-one-piece-dress/939422280.html
978773911;Brief;Average;4,3;L;Spring;o-neck;sleeveless;empire;solid;1;798;http://www.aliexpress.com/item/After-the-fashion-slotted-spell-color-dress/978773911.html
858212832;cute;Average;4,3;M;Summer;;;natural;solid;0;797;http://www.aliexpress.com/item/Fashion-women-Spring-summer-2013-skirts-posed-packet-buttock-chiffon-skirt-pleated-skirt-long-veil-dress/858212832.html
746518490;Sexy;Low;4,7;M;Winter;v-neck;sleeveless;natural;striped;0;797;http://www.aliexpress.com/item/2013-HOT-one-piece-bikini-swimwear-Ladies-brand-sexy-bikini-blue-black-one-size-free-shipping/746518490.html
750670078;Casual;Low;4,4;M;Winter;o-neck;sleeveless;natural;solid;0;780;http://www.aliexpress.com/item/2013-New-Arrival-Sexy-lingerie-dress-Sexy-clubwear-Lady-Party-Chemise-free-shipping-Y028/750670078.html
835787654;Casual;Average;4,7;L;Summer;v-neck;short;natural;print;1;777;http://www.aliexpress.com/item/Free-shipping-17colors-L-XL-XXL-3XL-4XL-Floral-women-s-print-fashion-dress-plus-size/835787654.html
746255172;Casual;Average;4,7;M;spring;o-neck;sleeveless;natural;solid;0;774;http://www.aliexpress.com/item/2013-New-Fashion-Korea-Women-s-Elegance-Round-Collar-Sleeveless-Bow-Pleated-Vest-Chiffon-Dress-Free/746255172.html
944656411;vintage;Low;4,6;M;Summer;o-neck;short;natural;print;0;773;http://www.aliexpress.com/item/S-M-L-Women-Europe-Fashion-Women-s-Painting-Landscape-Print-Floral-Chiffon-Dress/944656411.html
707537639;Casual;low;4,7;L;Spring;o-neck;short;natural;;0;741;http://www.aliexpress.com/item/Women-s-Summer-New-Fashion-Chiffon-Dress-Short-sleeve-Dots-Polka-Waist-without-blet-free-shipping/707537639.html
971387676;Casual;Low;4,8;free;Spring;o-neck;sleeveless;natural;print;0;713;http://www.aliexpress.com/item/2013-new-fashion-Summer-casual-cotton-dress-for-women-women-s-pattern-dresses/971387676.html
711704151;cute;Average;4,6;free;Spring;v-neck;full;natural;solid;1;700;http://www.aliexpress.com/item/Free-shipping-2013-New-Fashion-Lady-s-Long-Sleeve-Long-Dress-Two-colors-for-choose-Black/711704151.html
743729613;Casual;Average;4,9;S;Winter;turndowncollor;full;natural;solid;1;690;http://www.aliexpress.com/item/2013-new-women-s-turtleneck-long-sleeve-basic-skirt-women-skirt-winter-one-piece-dress-autumn/743729613.html
850490510;Casual;Average;4,6;M;Spring;o-neck;half;natural;solid;0;681;http://www.aliexpress.com/item/Sexy-Spoon-Neck-3-4-Sleeve-Lace-Sakter-Dress-Belt-Include-vintage-dresses/850490510.html
919930954;Casual;Low;4,4;free;Summer;v-neck;short;empire;solid;0;680;http://www.aliexpress.com/item/Free-shipping-Solid-color-deep-V-neck-beach-dress-one-piece-dress-Bikini-Dress-B0021/919930954.html
1015249105;work;Average;4,9;M;Summer;sqare-collor;half;empire;;0;659;http://www.aliexpress.com/item/Fashion-Sexy-Gifts-for-Love-Mini-2013-Summer-Women-Stretchy-Black-White-Work-Peplum-One-Piece/1015249105.html
851945460;Casual;Average;4,6;L;Autumn;o-neck;sleeveless;empire;solid;0;630;http://www.aliexpress.com/item/1310-Free-Shipping-New-2013-spring-summer-new-womens-Court-style-Retro-Lace-Sleeveless-vest-dress/851945460.html
555727400;Casual;low;4,7;free;Summer;o-neck;cap-sleeves;natural;print;1;609;http://www.aliexpress.com/item/2012-Women-s-Fashion-Trendy-Korean-Lace-Chiffon-Mini-Dress-Outfit-2-colors-free-shipping-3803/555727400.html
724177834;Casual;low;4,7;free;Summer;o-neck;full;natural;solid;1;609;http://www.aliexpress.com/item/free-shipping-9-colors-women-s-long-sleeve-V-neck-Grinding-wool-cotton-long-t-shirt/724177834.html
737461130;Casual;Average;4,8;M;Summer;v-neck;full;natural;;0;598;http://www.aliexpress.com/item/Multi-Color-Dip-Dye-Shirred-Waist-Chiffon-Long-Cardigan-Shirt-Blouse-Dress-3829/737461130.html
929503394;vintage;Average;4,7;S;Summer;turndowncollor;short;empire;;0;583;http://www.aliexpress.com/item/2013-Women-Vintage-Noble-Temperament-Career-Turn-down-Collar-Knee-Length-Pencil-Wear-to-Work-Bodycon/929503394.html
1211480431;Sexy;Low;0;L;Summer;o-neck;sleeveless;empire;striped;0;578;http://www.aliexpress.com/item/S-XXL-Free-size-Club-Dress-2013-Free-Sexy-3-colors-sleeveless-striped-mini-Bodycon-Wholesale/1211480431.html
809344968;party;Medium;4,8;S;Spring;v-neck;sleeveless;empire;;1;570;http://www.aliexpress.com/item/Fashion-bride-short-design-bridesmaid-dress-skirt-champagne-color-V-neck-formal-dress-short-skirt-marriage/809344968.html
732650169;cute;Low;4,7;M;Spring;o-neck;short;empire;dot;1;563;http://www.aliexpress.com/item/With-Belt-Korean-Women-Summer-New-Fashion-Chiffon-Dress-Short-sleeve-Dots-Polka-Waist-Mini-Beige/732650169.html
598523814;Casual;Average;4,7;free;Summer;v-neck;full;natural;solid;0;560;http://www.aliexpress.com/item/Hot-New-Women-s-dress-Lady-Casual-Elegance-Lapel-Opening-Neck-Long-Sleeve-Cotton-Mini-dress/598523814.html
720087997;Casual;Low;4,3;free;Spring;o-neck;full;;;1;558;http://www.aliexpress.com/item/NEW-Year-Christmas-Elegant-Special-Collar-Frills-Long-Sleeves-Dress-For-Women/720087997.html
511503677;Casual;Low;4,4;M;Summer;o-neck;half;empire;solid;0;547;http://www.aliexpress.com/item/Women-s-Fashion-Sleeves-Demitoilet-Chiffon-Ruffle-Bowknot-Mini-Dresses-Casual-New-free-shopping-2301/511503677.html
859922576;cute;Average;4,6;M;Spring;o-neck;half;natural;;0;547;http://www.aliexpress.com/item/2013-New-2-IN-1-Women-Korean-Fashion-OL-Half-Sleeve-Chiffon-Dress-With-Belt/859922576.html
946741571;bohemian;Average;4;free;Winter;o-neck;sleeveless;natural;striped;0;541;http://www.aliexpress.com/item/Hot-2013-Boho-Summer-Women-s-Color-Block-Chiffon-Long-Pleated-Stripe-Sleeveless-Dresses/946741571.html
798898277;bohemian;Low;4,6;free;winter;o-neck;sleeveless;empire;patchwork;1;528;http://www.aliexpress.com/item/Free-Shipping-Fashion-Red-Blue-Orange-Beige-Vintage-Patterns-Patched-Tank-Dress-Summer-Maxi-Dress-129302/798898277.html
1113221101;Sexy;Average;5;M;Autumn;o-neck;sleeveless;empire;;1;522;http://www.aliexpress.com/item/New-2013-Hot-Selling-Fashion-Summer-Women-Clothing-Sexy-Leopard-Print-Silk-Club-Wear-One-Piece/1113221101.html
1150275464;Casual;Low;0;M;Spring;o-neck;sleeveless;natural;solid;1;522;http://www.aliexpress.com/item/Women-See-through-Sleeveless-Splicing-Lace-Party-Clubbing-Mini-Dress-Sexy-Chic/1150275464.html
532874347;Casual;Average;4,7;M;Summer;v-neck;full;empire;solid;1;520;http://www.aliexpress.com/item/Free-Shipping-New-Women-Sexy-full-Sleeve-Lace-stitching-Corset-Dresses-K295-with-S-M-L/532874347.html
949226757;Casual;Low;0;free;Spring;o-neck;short;natural;solid;0;518;http://www.aliexpress.com/item/free-shipping-Newest-Sweet-Fashion-Cozy-Lace-Short-Sleeve-Skirt-Dress-5312/949226757.html
640823350;Casual;Low;4,6;free;Winter;boat-neck;full;natural;patchwork;1;515;http://www.aliexpress.com/item/2012-autumn-new-arrival-fashion-casual-women-slim-full-dress-basic-skirt-long-sleeve-dress-3/640823350.html
1220707172;Casual;Average;0;XL;Summer;o-neck;full;;solid;0;507;http://www.aliexpress.com/item/2013-long-sleeve-dress-women-s-slim-hip-patchwork-long-sleeve-slim-elegant-one-piece-dress/1220707172.html
1153442065;Novelty;Average;0;S;Winter;turndowncollor;full;natural;patchwork;0;507;http://www.aliexpress.com/item/C-377-2013-Fashion-Star-Style-Victoria-Beckham-Dress-Slim-Elegant-Turn-down-Collar-Long/1153442065.html
1100974555;Sexy;Low;4;S;Autumn;o-neck;sleeveless;empire;solid;1;499;http://www.aliexpress.com/item/Sexy-Women-s-Lady-Crew-Neck-Sheer-Lace-Party-Night-Culbbing-Tunic-Solid-Black-Bodycon-Mini/1100974555.html
967999477;Sexy;Low;5;free;Spring;o-neck;full;natural;striped;0;489;http://www.aliexpress.com/item/2013-Newly-Design-Free-Shipping-Cheap-Tunic-with-Pink-Accent-Sexy-Mini-Party-Leisure-Dress-Clubwear/967999477.html
903426442;sexy;Average;3,6;L;Winter;v-neck;full;natural;solid;1;479;http://www.aliexpress.com/item/Women-Sexy-Embellished-Fancy-Plastic-Pearls-Beaded-Backless-V-back-Short-Dress/903426442.html
801861988;vintage;Average;4,6;free;Winter;o-neck;full;natural;print;1;475;http://www.aliexpress.com/item/Fashion-Lady-Green-Chiffon-Long-Sleeve-Women-Floral-Casual-Dress-S-M-L-651201-651203/801861988.html
887476609;bohemian;Low;4,8;free;Summer;o-neck;short;;animal;1;472;http://www.aliexpress.com/item/2013-new-bohemian-Ms-ice-silk-dress-aaa/887476609.html
1026634314;Casual;Average;4,4;L;Autumn;o-neck;sleeveless;natural;animal;0;454;http://www.aliexpress.com/item/2013-Celebrity-Style-Women-Summer-Fly-Sleeve-O-neck-Slim-Waist-Animal-Leopard-Print-Pleated-Chiffon/1026634314.html
832090686;cute;Average;4,6;M;Autumn;o-neck;threequarter;natural;print;0;453;http://www.aliexpress.com/item/Wild-Style-Women-s-Floral-chiffon-Slim-Waist-dress-With-Belt/832090686.html
875312593;Casual;Average;4,8;M;Winter;o-neck;short;natural;patchwork;0;452;http://www.aliexpress.com/item/Free-shipping-CREW-NECK-COLOR-BLOCK-SHORT-SLLEVE-SLIT-BACL-BODYCON-DRESS-WITH-BACK-ZIPPER/875312593.html
845853510;Casual;Average;4,5;L;Summer;o-neck;short;natural;solid;0;451;http://www.aliexpress.com/item/Beautiful-Women-s-Cotton-Short-Dress-Casual-Loose-Style-A1004/845853510.html
1023850025;vintage;Low;4,8;S;Summer;o-neck;short;natural;print;0;449;http://www.aliexpress.com/item/Wholesale-2013-summer-new-women-s-short-sleeved-chiffon-pleated-skirt-dress-pink-fashion-casual-dresses/1023850025.html
1019672746;vintage;Average;4,5;L;winter;o-neck;short;empire;patchwork;1;443;http://www.aliexpress.com/item/New-Hot-Plus-Size-L-3XL-Women-s-High-Waist-Ruffle-Sleeve-Sexy-Vintage-Long-Chiffon/1019672746.html
1235426503;Casual;Low;0;L;Summer;o-neck;sleeveless;natural;print;0;440;http://www.aliexpress.com/item/2013-Women-Ladies-Celeb-Inspired-Tie-Dye-Splash-Printed-Sleeveless-Midi-Bodycon-Dress-Stock-Ready-Free/1235426503.html
756620535;Casual;Low;4,6;free;Summer;o-neck;full;natural;solid;1;429;http://www.aliexpress.com/item/2013-hot-trendy-cozy-fashion-women-clothing-cotton-cute-casual-high-street-sheath-active-sexy-dress/756620535.html
1190383536;vintage;Low;0;free;Summer;o-neck;sleeveless;natural;print;1;429;http://www.aliexpress.com/item/4-Colors-Freeshipping-2013-New-Fashion-Women-Sexy-Vintage-Printed-Clubwear-Tank-Dress-Summe-Casual-Dress/1190383536.html
1077555214;Casual;low;5;S;Spring;o-neck;sleeveless;natural;print;0;428;http://www.aliexpress.com/item/Hot-Fashion-Womens-Ladies-Summer-Crew-Neck-Sleeveless-Print-Designer-Chiffon-Casual-Mini-Dress-Size-S/1077555214.html
1150052066;bohemian;Average;0;L;Winter;turndowncollor;full;natural;solid;0;421;http://www.aliexpress.com/item/Free-Shipping-Autumn-Winter-New-Fashion-3Colors-Size-M-XL-Slim-Fit-Long-Sleeves-Turtleneck-Split/1150052066.html
926480831;Sexy;Average;4,2;M;Winter;v-neck;sleeveless;natural;solid;0;405;http://www.aliexpress.com/item/Sexy-Spoon-Neck-3-4-Sleeve-Lace-Sakter-Dress-Belt-Include-free-shipping-drop-shipping/926480831.html
861626197;work;Average;4,8;L;Winter;v-neck;short;natural;solid;0;402;http://www.aliexpress.com/item/Free-shipping-Lowest-price-New-Sexy-U-neck-OL-Peplum-Dress-LC2774/861626197.html
1072477320;Casual;Low;0;free;Summer;v-neck;half;natural;solid;0;401;http://www.aliexpress.com/item/Sexy-Women-Satin-Lace-Lingerie-Ladies-Lace-Sleepwear-Nightwear-Nightdress-Robe/1072477320.html
995644296;Sexy;Average;4,7;M;winter;v-neck;sleeveless;natural;patchwork;0;400;http://www.aliexpress.com/item/Free-shipping-Sexy-Black-Foil-Bodycon-Dress-LC2813/995644296.html
882975367;Sexy;Average;4,1;free;Summer;v-neck;sleeveless;natural;;1;388;http://www.aliexpress.com/item/Free-Shipping-2013-Sexy-Lace-Dress-Short-Tight-Mini-Luxury-Club-Satin-Women-Clothes-sequined-Party/882975367.html
765350508;Casual;low;4,6;L;Winter;o-neck;full;;;0;384;http://www.aliexpress.com/item/Women-Long-sleeve-dresses-plus-size-Lady-skirts-stripe-slim-hip-slim-dress-S-M-L/765350508.html
893330898;Sexy;Low;4,6;free;Summer;v-neck;sleeveless;natural;solid;0;382;http://www.aliexpress.com/item/Free-shipping-wholesale-multicolor-cotton-men-s-polo-shirt-short-sleeved-plain-T-shirt-men-s/893330898.html
956758119;Casual;Low;4,5;free;Autumn;v-neck;short;natural;solid;0;375;http://www.aliexpress.com/item/2013-new-hot-fashion-women-clothing-cotton-cute-lace-casual-vintage-career-sheath-sheath-mini-sexy/956758119.html
951280194;work;Average;4,6;L;Summer;slash-neck;short;natural;solid;0;375;http://www.aliexpress.com/item/Free-Shipping-2013-Women-s-Top-Fashion-WVintage-Rockabilly-Pinup-Bodycon-Fitted-Party-Pencil-Shift-Sheath/951280194.html
936425780;work;Average;4,8;L;Summer;v-neck;short;natural;solid;0;371;http://www.aliexpress.com/item/U-neck-OL-Peplum-Dress-White-LC2774/936425780.html
783980024;Casual;Average;4,5;free;Summer;o-neck;short;natural;solid;0;368;http://www.aliexpress.com/item/free-shipping-Sexy-batwing-sleeve-dress-with-T-string-Sexy-clubwear-Lady-nighty-chemise-6-colors/783980024.html
882490248;cute;Average;0;M;Summer;o-neck;short;natural;print;0;367;http://www.aliexpress.com/item/2013-New-Women-s-Character-Printed-Chiffon-Dress-Free-Shipping-in-Stock/882490248.html
839305476;Casual;Low;4,6;free;Autumn;o-neck;half;natural;leopard;1;367;http://www.aliexpress.com/item/2013-New-Fashion-Korean-Women-s-Ladies-Loose-Print-Chiffon-1-2-Batwing-Sleeve-Leopard-Dress/839305476.html
813753347;Casual;Low;4,6;S;Spring;o-neck;full;natural;solid;1;364;http://www.aliexpress.com/item/New-Elegant-Ladies-V-Neck-Fashion-Celebrity-Pencil-Dress-Women-Wear-to-Work-Sliming-Knee-Length/813753347.html
898646576;Casual;Low;4,7;free;winter;o-neck;sleeveless;natural;;1;363;http://www.aliexpress.com/item/Very-Cheap-21-Styles-2013-New-Arrivals-shoulder-padding-Sleeveless-Slim-Package-Hip-Women-Printed-Dress/898646576.html
929898500;work;Average;4,8;M;winter;turndowncollor;full;natural;solid;0;363;http://www.aliexpress.com/item/2013-spring-autumn-new-fashion-women-brief-vintage-lapel-temperament-black-one-piece-dress-Victoria-Beckham/929898500.html
675980168;bohemian;Average;4,6;M;Spring;o-neck;sleeveless;natural;solid;0;358;http://www.aliexpress.com/item/2012-New-Women-Bohenmia-Pleated-Wave-Lace-Strap-Princess-Chiffon-Maxi-long-dress-Four-Colors-Hot/675980168.html
805438829;Sexy;Low;4,8;L;Summer;v-neck;full;natural;print;1;357;http://www.aliexpress.com/item/Free-shipping-2013-New-Short-skirt-Sexy-Multicolor-Enchanting-V-Neck-Dress-Lycra-cotton-Print-M/805438829.html
1104450248;Sexy;Average;0;L;Autumn;v-neck;sleeveless;empire;patchwork;0;357;http://www.aliexpress.com/item/Women-Sexy-Patchwork-Back-Hollow-out-Deep-V-neck-Sleeveless-Chiffon-Dress-Vest-Dress-Plus-Size/1104450248.html
727676110;Casual;low;4,6;free;winter;o-neck;full;natural;solid;1;357;http://www.aliexpress.com/item/free-shipping-Mini-Fashion-Long-Sleeve-Butterfly-Flower-Woollen-Sweater-Short-Skirt-Dress-New-5119/727676110.html
727676110;Casual;low;4,6;free;winter;o-neck;full;natural;solid;1;357;http://www.aliexpress.com/item/free-shipping-Mini-Fashion-Long-Sleeve-Butterfly-Flower-Woollen-Sweater-Short-Skirt-Dress-New-5119/727676110.html
1065316076;Casual;Low;0;S;Autumn;o-neck;full;natural;solid;1;352;http://www.aliexpress.com/item/Free-Shipping-2013-spring-basic-skirt-o-neck-casual-all-match-gentlewomen-lace-chiffon-one-piece/1065316076.html
828623528;Casual;Average;4,6;free;Autumn;o-neck;sleeveless;natural;solid;1;344;http://www.aliexpress.com/item/Free-Shipping-2013-European-Style-Spring-Summer-All-match-Chiffon-Slim-Dress-Lace-Sleeveless-Tops-Free/828623528.html
1079958917;Casual;Average;3,7;M;Summer;boat-neck;sleeveless;natural;;0;343;http://www.aliexpress.com/item/New-arrival-women-s-fashion-block-decoration-Slim-dress-o-neck-solid-belt/1079958917.html
849947393;cute;Medium;4,6;free;Spring;o-neck;short;natural;solid;1;338;http://www.aliexpress.com/item/Free-Shipping-2013-Latest-Fashion-Light-Pink-Short-Sleeve-Lace-Pleated-Chiffon-Dress-For-Lady/849947393.html
754316257;Casual;Low;4,7;L;Summer;o-neck;sleeveless;natural;patchwork;0;338;http://www.aliexpress.com/item/2013-new-Promotions-hot-trendy-cozy-fashion-women-clothes-casual-sexy-dress-retro-lace-sultry-piles/754316257.html
680070369;Casual;Low;4,6;free;Autumn;o-neck;full;natural;solid;1;337;http://www.aliexpress.com/item/Women-s-Long-Sleeve-Sexy-Cotton-Casual-Off-Shoulder-Dress-Black-Gray-Free-Shipping-CMC-0094/680070369.html
1018130478;Casual;Low;4,7;L;Autumn;o-neck;full;;print;0;337;http://www.aliexpress.com/item/2013-New-Mini-Lace-Dress-Black-chiffon-tops-high-street-dresses-women-s-styleonme-sexy-club/1018130478.html
965817793;Casual;low;4,8;free;Summer;o-neck;sleeveless;natural;print;1;336;http://www.aliexpress.com/item/free-shipping-2013-women-s-new-fashion-summer-Floral-Dress-casual-dress-for-women/965817793.html
674885710;Casual;high;4,9;XL;winter;v-neck;full;empire;solid;0;329;http://www.aliexpress.com/item/2012-new-arrival-plus-size-clothing-fashion-long-design-hooded-one-piece-slim-waist-dress-free/674885710.html
860334943;Casual;Medium;4,9;L;Winter;o-neck;short;natural;solid;0;327;http://www.aliexpress.com/item/Free-Shipping-2013-New-Arrival-Victoria-Brand-Sexy-Club-Dress-Women-Fashion-Spring-Summer-Autumn-Long/860334943.html
537463111;Casual;Average;4,7;M;Summer;o-neck;threequarter;;solid;0;326;http://www.aliexpress.com/item/Ruffle-Chic-Fab-Lovely-dress-sz-S-M-L-fit-AU-sz-8-10-12/537463111.html
970655043;bohemian;Low;4,4;L;Summer;bowneck;short;natural;dot;0;322;http://www.aliexpress.com/item/Beach-dress-bohemia-chiffon-one-piece-dress-full-dress-spring-skirt-summer/970655043.html
1018110870;Sexy;Low;5;M;Autumn;o-neck;full;natural;print;1;321;http://www.aliexpress.com/item/Ladies-sexy-Slim-Crew-Neck-cotton-Bodycon-Clubwear-Mini-casual-women-Long-Sleeve-Lace-Dress-for/1018110870.html
829087315;cute;Average;4,8;L;Autumn;slash-neck;sleeveless;natural;solid;0;321;http://www.aliexpress.com/item/Europe-and-the-United-States-grid-woven-hollow-out-design-sweet-sexy-little-black-dresses-chiffon/829087315.html
959052557;Casual;Average;4,2;S;Winter;v-neck;sleeveless;empire;patchwork;0;321;http://www.aliexpress.com/item/Womens-deep-v-neck-chiffon-tank-dress-with-contrast-color-patchwork-and-hollow-out-designing-in/959052557.html
1140306858;Casual;Average;0;L;Spring;boat-neck;sleeveless;natural;solid;1;318;http://www.aliexpress.com/item/2013-spring-women-s-elegant-embossed-flower-lace-bow-slim-hip-slim-one-piece-dress-autumn/1140306858.html
662727740;party;;4,8;free;Winter;o-neck;sleeveless;empire;;1;318;http://www.aliexpress.com/item/Free-Shipping-2012-Off-the-shoulder-flower-bride-wedding-sweet-princess-wedding-dress-LF128/662727740.html
679415939;Casual;Low;4,7;M;Summer;o-neck;sleeveless;empire;solid;0;316;http://www.aliexpress.com/item/2012-Sexy-Women-Lady-Deep-U-Neck-Bare-Back-Backless-Dress-Hem-Tank-Swallow-Tail-Sleeveless/679415939.html
1036333255;Casual;low;4,9;L;Summer;boat-neck;short;;patchwork;1;315;http://www.aliexpress.com/item/Free-shipping-sexy-lady-dress-piece-dress-summer-women-s-fashion-star-plus-size-2013/1036333255.html
732736124;work;Average;4,6;M;Spring;v-neck;full;;;0;312;http://www.aliexpress.com/item/Womens-Celebrity-Style-Reindeer-Print-Sleeveless-Chiffon-Dress-DS1092/732736124.html
932375745;Casual;low;4,7;L;Autumn;o-neck;short;natural;patchwork;1;312;http://www.aliexpress.com/item/plus-size-S-XXXL-asymetrical-chiffon-2-color-dress-sarafan-discounts-women-s-summer-dresses/932375745.html
911085061;bohemian;Low;4,5;M;Summer;v-neck;sleeveless;natural;print;1;308;http://www.aliexpress.com/item/2013-Summer-Printed-Women-s-Dress-Beach-Bohemia-Dress/911085061.html
943844640;Brief;Average;5;free;Spring;v-neck;sleeveless;natural;solid;1;300;http://www.aliexpress.com/item/Free-shipping-Lowest-price-New-Sexy-Faith-Scallop-Lace-Background-Dress-Black-LC2701/943844640.html
881530990;work;Average;4,6;L;Spring;o-neck;short;empire;patchwork;0;300;http://www.aliexpress.com/item/Womens-Celeb-Evening-Fitted-Formal-Party-Ladies-Pencil-Bodycon-Midi-Dress-D0076/881530990.html
817353671;bohemian;Low;4,6;free;Summer;o-neck;sleeveless;natural;solid;1;299;http://www.aliexpress.com/item/2013-New-Women-Bohenmia-Pleated-Wave-Lace-Strap-Princess-Chiffon-Maxi-long-dress-Four-Colors-Hot/817353671.html
765264430;Brief;Average;4,6;free;Winter;o-neck;full;natural;solid;0;295;http://www.aliexpress.com/item/2013-new-Brand-designer-Promotions-hot-trendy-cozy-fashion-women-clothes-casual-sexy-dress-Dress-chest/765264430.html
520233308;Casual;Low;4,7;M;Autumn;o-neck;full;;solid;0;294;http://www.aliexpress.com/item/Women-s-Off-Shoulder-Tops-Shirt-Zip-Korea-Batwing-OL-Long-Sleeve-Mini-Dress-2-Colors/520233308.html
941564304;Sexy;Average;4,9;free;Summer;sqare-collor;sleeveless;natural;print;0;291;http://www.aliexpress.com/item/Sensationelles-Spitzen-Minikleid-Mit-Tranparenter-Ruckenansicht-Green-LC2806/941564304.html
955188745;Casual;Average;4,7;M;Autumn;o-neck;sleeveless;;animal;1;287;http://www.aliexpress.com/item/Hot-Sale-2013-Summer-Fashion-Cat-Print-Cotton-All-Match-Sleeveless-Tank-Dress-Sundress-For-Women/955188745.html
713391965;Casual;Low;4,7;M;Spring;o-neck;full;natural;solid;1;285;http://www.aliexpress.com/item/Women-s-Korea-Batwing-Off-Shoulder-Tops-Zip-Shirt-Mini-Dress-2-Colors-free-shipping-3492/713391965.html
549401113;Casual;Low;4,6;free;Autumn;o-neck;full;natural;solid;1;283;http://www.aliexpress.com/item/2012-Women-Lady-Fashion-Long-dress-Tunic-Top-Vintage-HIPPIE-Lace-Blouse-freee-shipping-2863/549401113.html
1099363892;Casual;Average;0;M;Summer;o-neck;threequarter;natural;solid;1;282;http://www.aliexpress.com/item/2013-summer-women-s-butterfly-print-large-size-European-and-American-big-hollow-lace-embroidered-white/1099363892.html
1163826114;Sexy;Average;0;M;Winter;o-neck;short;natural;solid;0;280;http://www.aliexpress.com/item/Women-s-Fashion-Lace-Knitting-Patchwork-Back-Waist-Hollow-Out-Solid-Black-Slim-Side-Slit-Open/1163826114.html
851697194;bohemian;Average;4,1;free;Summer;o-neck;threequarter;;;0;278;http://www.aliexpress.com/item/2013-free-people-fashion-fairy-flare-sleeve-national-trend-embroidery-flower-tassel-lace-beige-skirt-free/851697194.html
934830377;bohemian;Low;4,6;free;Summer;v-neck;sleeveless;natural;solid;0;278;http://www.aliexpress.com/item/C-408-solid-Bikini-dress-holiday-Beach-skirt-casual-dress-free-shipping-swimwear-women-summer/934830377.html
955679920;Sexy;Average;4,8;S;Winter;v-neck;sleeveless;empire;solid;0;275;http://www.aliexpress.com/item/2013-New-Double-Layer-Skirt-Floor-Black-Spaghetti-Strap-Full-Harness-evening-Party-Dress-Chiffon-Size/955679920.html
1072784739;Casual;low;5;free;Spring;bowneck;sleeveless;natural;print;0;274;http://www.aliexpress.com/item/Summer-Sexy-Swimwear-Open-Back-Wrap-Front-Cover-Up-Beach-Dress-Women-Bikini/1072784739.html
593007494;Casual;Low;4,6;free;Spring;v-neck;sleeveless;natural;solid;0;274;http://www.aliexpress.com/item/2012-new-hot-summer-Fashion-Cozy-women-clothes-Noble-elegant-chiffon-dress-lace-vest-dress-skirt/593007494.html
850586379;Brief;Average;4,6;M;Winter;peterpan-collor;threequarter;;solid;0;273;http://www.aliexpress.com/item/Sexy-Slim-Lady-Woman-lace-collar-dress-Black-Mini-Dress/850586379.html
861754372;Sexy;Average;4,5;L;Autumn;o-neck;full;;solid;0;272;http://www.aliexpress.com/item/Free-Shipping-NEW-Womens-V-back-Slim-Embellished-Fancy-Plastic-Pearls-Beaded-Backless-Dress/861754372.html
1062354779;Casual;Average;4,5;M;Winter;v-neck;sleeveless;natural;striped;0;271;http://www.aliexpress.com/item/QZ515-2013-New-Fashion-Ladies-elegant-patchwork-V-neck-Mini-Two-piece-Dresses-vintage-casual-slim/1062354779.html
1062354779;Casual;Average;4,7;M;Autumn;v-neck;sleeveless;natural;striped;0;271;http://www.aliexpress.com/item/QZ515-2013-New-Fashion-Ladies-elegant-patchwork-V-neck-Mini-Two-piece-Dresses-vintage-casual-slim/1062354779.html
730603782;party;Average;4,8;M;Summer;o-neck;full;;solid;1;271;http://www.aliexpress.com/item/Contrast-Collar-Long-Sleeve-Slim-Fit-Black-Dress-S-M-L-3818/730603782.html
709353440;cute;Average;4,7;L;Winter;o-neck;sleeveless;natural;solid;0;270;http://www.aliexpress.com/item/New-2012-spring-summer-new-womens-Court-style-Retro-Lace-Sleeveless-vest-dress/709353440.html
709353440;cute;Average;4,7;M;Summer;o-neck;sleeveless;natural;splice;0;270;http://www.aliexpress.com/item/New-2012-spring-summer-new-womens-Court-style-Retro-Lace-Sleeveless-vest-dress/709353440.html
661795386;Brief;Low;4,4;L;Autumn;o-neck;half;natural;solid;0;267;http://www.aliexpress.com/item/Bag-mail-2012-han-fat-MM-new-large-size-dress-dress-summer-MIDI-cultivate-one-s/661795386.html
1122991519;Sexy;Low;0;free;winter;o-neck;sleeveless;natural;solid;0;266;http://www.aliexpress.com/item/European-and-American-nightclub-sexy-low-cut-gauze-perspective-hollow-Slim-package-hip-dress-free-shipping/1122991519.html
860406062;Casual;Average;4,6;M;winter;v-neck;half;natural;solid;1;265;http://www.aliexpress.com/item/2013-Celeb-Style-Lapel-Collar-Half-Sleeve-Blouse-Top-Pleated-Dress-With-A-Belt/860406062.html
939250541;Casual;Average;4,8;M;Spring;o-neck;sleeveless;natural;print;0;262;http://www.aliexpress.com/item/2013-Europeaan-summer-fashion-women-lace-chiffon-dress-brand-design-hollow-out-sexy-white-club-party/939250541.html
870994067;cute;Low;4,9;M;Autumn;o-neck;short;natural;dot;0;261;http://www.aliexpress.com/item/Order-Hurry-Up-With-belt-Fashion-Women-Lady-Chiffon-Dress-Summer-Short-Dots-Dress-Polka-Waist/870994067.html
870994067;cute;Low;4,8;M;Spring;o-neck;short;natural;dot;0;261;http://www.aliexpress.com/item/Order-Hurry-Up-With-belt-Fashion-Women-Lady-Chiffon-Dress-Summer-Short-Dots-Dress-Polka-Waist/870994067.html
1219677488;Novelty;Average;0;free;Autumn;o-neck;short;natural;;0;259;http://www.aliexpress.com/item/new-2013-Celestial-Coral-Green-Floral-Lace-Black-Peplum-Dress-ladies-dress-ladies-wear-LC2792-Fast/1219677488.html
923915314;Casual;Average;4,6;M;Winter;v-neck;full;natural;;0;259;http://www.aliexpress.com/item/Casual-Women-Multi-Color-Dip-Dye-Floral-Shirred-Waist-Chiffon-Long-Cardigan-Shirt-Blouse-Maxi-Dress/923915314.html
1219677488;Novelty;Average;0;free;winter;o-neck;short;natural;;0;259;http://www.aliexpress.com/item/new-2013-Celestial-Coral-Green-Floral-Lace-Black-Peplum-Dress-ladies-dress-ladies-wear-LC2792-Fast/1219677488.html
1032982013;Casual;Average;5;L;Winter;o-neck;threequarter;natural;solid;0;258;http://www.aliexpress.com/item/Sexy-Slim-Lady-Woman-lace-collar-dress-Black-Mini-Dress-S-M-L-W3052/1032982013.html
890279029;Casual;Average;4,6;M;Autumn;o-neck;short;empire;dot;0;250;http://www.aliexpress.com/item/Womens-elasic-dot-printed-dress-with-loose-style-for-wholesale-and-freeshipping/890279029.html
655464934;Casual;Average;4,6;L;winter;boat-neck;sleeveless;empire;print;1;248;http://www.aliexpress.com/item/Free-shipping-1-piece-lot-missfeel-flagship-of-quality-dress-low-price-ladies-dress/655464934.html
619996560;party;Average;4,7;free;Winter;o-neck;sleeveless;;;0;247;http://www.aliexpress.com/item/Hot-sale-Cheapeat-3-Hoop-Wedding-Bridal-Gown-Dress-Petticoat-Underskirt-Crinoline-Wedding-Accessories-Hot-sale/619996560.html
822176645;Casual;Average;4,8;M;winter;o-neck;threequarter;natural;print;1;244;http://www.aliexpress.com/item/2013-New-Ladies-sexy-ink-print-Dresses-Vintage-cascul-slim-back-hollow-out-elegant-party-evening/822176645.html
733134203;vintage;Medium;4,7;free;Spring;turndowncollor;sleeveless;natural;solid;1;242;http://www.aliexpress.com/item/New-Fashion-Women-s-Ladies-Long-Sleeve-Crew-Neck-Casual-Lace-Knitting-Woollen-Sweater-Mini-Dress/733134203.html
733134203;Casual;low;4,7;S;Winter;o-neck;sleeveless;natural;solid;1;242;http://www.aliexpress.com/item/New-Fashion-Women-s-Ladies-Long-Sleeve-Crew-Neck-Casual-Lace-Knitting-Woollen-Sweater-Mini-Dress/733134203.html
550959163;Casual;Low;4,4;L;Summer;o-neck;sleeveless;natural;solid;0;241;http://www.aliexpress.com/item/sexy-fashion-New-women-s-dresses-Ladies-Stylish-chiffon-Crewneck-Sleeveless-Chic-Tunic-Causal-Dress-4/550959163.html
692445545;Casual;Low;4,4;free;Summer;o-neck;full;natural;solid;1;239;http://www.aliexpress.com/item/Korean-fall-and-winter-fashion-new-ladies-OL-round-neck-long-sleeved-dress-sexy-skirts-Primer/692445545.html
913978120;Sexy;Medium;4,6;L;Summer;o-neck;short;natural;solid;0;237;http://www.aliexpress.com/item/Free-Shipping-2013-HOT-SALE-Women-Spring-Fashion-Short-Sleeve-Sexy-Black-Long-Dress-9570/913978120.html
688966772;Casual;Average;4,8;L;Winter;o-neck;short;natural;solid;1;236;http://www.aliexpress.com/item/2012-autumn-and-winter-one-piece-dress-new-arrival-plus-size-clothing-fashion-autumn-loose-winter/688966772.html
817870237;Sexy;Low;4,6;free;Spring;o-neck;full;natural;leopard;1;236;http://www.aliexpress.com/item/FREE-SHIPPING-NEW-FASHION-sexy-leopard-print-lace-slim-hip-one-piece-dress-5331/817870237.html
939389270;Casual;Average;4,8;free;winter;o-neck;sleeveless;;solid;0;234;http://www.aliexpress.com/item/Free-Shipping-2013-New-European-Style-Spring-Summer-All-match-Chiffon-Slim-Dress-Sleeveless-Tops-Free/939389270.html
896048351;Sexy;Low;4,8;free;Spring;v-neck;sleeveless;;solid;1;233;http://www.aliexpress.com/item/New-Sexy-Women-s-Sleeveless-V-neck-Paillette-Mini-Dress-Party-Club-Wear-4-Colors-Free/896048351.html
896048351;Sexy;low;4,7;free;Spring;v-neck;sleeveless;;;1;233;http://www.aliexpress.com/item/New-Sexy-Women-s-Sleeveless-V-neck-Paillette-Mini-Dress-Party-Club-Wear-4-Colors-Free/896048351.html
995802744;Sexy;Average;4;S;Autumn;v-neck;sleeveless;;patchwork;1;232;http://www.aliexpress.com/item/Free-shipping-women-chiffon-dress-with-hollow-out-panelled-patchwork-deep-V-neck-fashion-sexy-tank/995802744.html
660179663;Casual;Average;4,5;M;Summer;o-neck;full;natural;solid;0;230;http://www.aliexpress.com/item/New-Korean-Fashion-Casual-Clothing-2pcs-set-Knit-Sweater-Strap-Lace-Dresses-For-Women-N3130/660179663.html
920902282;Casual;Average;4,7;M;Summer;o-neck;sleeveless;natural;character;0;229;http://www.aliexpress.com/item/Free-Shipping-National-wind-geometric-print-dress-personality-back-love-tight-dress-notu20130541/920902282.html
859321875;Brief;Low;4,7;M;Winter;o-neck;full;natural;patchwork;0;229;http://www.aliexpress.com/item/2013-New-Fashion-Women-Korean-Large-Size-Long-Sleeve-Slim-Sexy-Striped-Mini-OL-Dess-Skirt/859321875.html
674192921;Casual;Low;4,4;free;Summer;o-neck;sleeveless;;;1;227;http://www.aliexpress.com/item/Women-Ladies-Off-Shoulder-Long-Sleeve-Evening-Clubwear-Mini-Dress-Black-Cocktail-040519/674192921.html
1021185637;vintage;Average;4,8;M;Winter;o-neck;sleeveless;natural;patchwork;1;225;http://www.aliexpress.com/item/New-Free-Shipping-Classic-Black-and-White-Patchwork-Slim-Vintage-Elegant-Summer-Sleeveless-O-Neck-Bodycon/1021185637.html
828790972;party;Average;4,9;M;winter;o-neck;half;;;1;223;http://www.aliexpress.com/item/New-Fashion-Sexy-Slim-Lady-Woman-lace-collar-dress-Black-Mini-Dress-S-M-L-3782/828790972.html
944641715;bohemian;Low;5;XL;Spring;v-neck;threequarter;natural;print;1;222;http://www.aliexpress.com/item/2013-Blue-Red-M-L-XL-XXL-XXXL-XXXXL-Printed-Bohemia-Embroidery-V-neck-Chiffon-Shirt/944641715.html
895807023;cute;low;4,7;free;Summer;o-neck;sleeveless;;print;1;221;http://www.aliexpress.com/item/WOMEN-CREW-NECK-ELASTIC-WAIST-PATTERN-CHIFFON-VEST-DRESS-GWF-6088/895807023.html
713439584;Sexy;Average;4,6;M;Winter;o-neck;full;natural;patchwork;1;220;http://www.aliexpress.com/item/Free-Shipping-2013-Cheap-Tunic-with-red-accent-Sexy-Mini-dress-M95/713439584.html
905732124;Casual;low;4,4;free;Summer;o-neck;sleeveless;natural;print;0;220;http://www.aliexpress.com/item/Free-Gift-Belt-Chiffon-Soft-Comfortable-Loos-Lady-Dress-Leathre-Fashion-new-100-free-shipping-dresses/905732124.html
609889168;party;high;4,7;M;Winter;sweetheart;sleeveless;natural;;0;220;http://www.aliexpress.com/item/Dresses-Strapless-Evening-Party-Prom-Ball-Formal-Gowns-Mini-Slim-Cocktail-Dress-LF073/609889168.html
905732124;Casual;low;4,4;free;Spring;o-neck;sleeveless;natural;print;0;220;http://www.aliexpress.com/item/Free-Gift-Belt-Chiffon-Soft-Comfortable-Loos-Lady-Dress-Leathre-Fashion-new-100-free-shipping-dresses/905732124.html
1130624045;Sexy;Low;0;free;Autumn;slash-neck;short;empire;solid;0;217;http://www.aliexpress.com/item/Free-Shipping-Hot-Lady-s-Sexy-Lingerie-Clubwear-Dress-White-Black-Blue-pack-Hip-Skirt/1130624045.html
754138176;party;very-high;4,2;L;Winter;v-neck;sleeveless;;;1;217;http://www.aliexpress.com/item/Free-Shipping-Grace-Karin-Sexy-Stock-Floor-Length-Deep-V-Lace-Satin-Bridal-Wedding-Dress-2013/754138176.html
944930838;vintage;low;4;free;Summer;turndowncollor;short;natural;solid;0;217;http://www.aliexpress.com/item/2013-new-hot-fashion-women-clothing-cotton-cute-casual-high-street-sheath-active-sexy-dress-Elegant/944930838.html
1162628131;Casual;Low;0;free;Winter;boat-neck;full;;;0;216;http://www.aliexpress.com/item/91-elegant-sweet-ladies-sexy-lace-perspective-knitted-one-piece-dress/1162628131.html
1124120907;Casual;Average;0;free;Summer;o-neck;sleeveless;natural;floral;0;216;http://www.aliexpress.com/item/New-Sexy-Floral-Lace-Crochet-Tee-Tank-Top-Skirt-Blouse-T-Shirt-Dress-Vintage-Q4/1124120907.html
869395176;Casual;Average;4,7;M;Summer;o-neck;sleeveless;;dot;0;215;http://www.aliexpress.com/item/WOMEN-LARGE-U-NECK-VINTAGE-LOWER-BACK-INVISIBLE-ZIPPER-BACKLESS-POLKA-DOT-DRESS-WF-3966/869395176.html
531254082;Casual;low;4,8;free;Spring;o-neck;sleeveless;;print;1;213;http://www.aliexpress.com/item/Free-shipping-PROMOTION-Hot-Sale-Ladies-Dress-Women-Dress-Floral-Chiffon-Dress-Red-and-Purple-flower/531254082.html
541172235;Casual;Average;4,7;M;winter;o-neck;full;;animal;0;212;http://www.aliexpress.com/item/MINI-CREW-NECK-LEOPARD-MINI-DRESS-1947/541172235.html
933864550;Sexy;low;4,5;free;Summer;slash-neck;sleeveless;;;0;212;http://www.aliexpress.com/item/WOMEN-SEXY-SLIM-FOLD-CHEST-WRAPPED-DRESS-GWF-6167/933864550.html
1158347154;Casual;Average;0;XL;Winter;o-neck;short;empire;solid;0;207;http://www.aliexpress.com/item/New-Fashion-Women-Ladies-Slim-Pencil-OL-Dress-Knee-length-BodyconParty-Dress-plus-size-without-belt/1158347154.html
941333009;cute;Average;4,7;L;Summer;o-neck;sleeveless;natural;print;0;206;http://www.aliexpress.com/item/2013-summer-new-fashion-blue-floral-strips-sleeveless-slim-cute-women-s-dresses-free-shipping-al/941333009.html
1086459983;Novelty;Average;5;free;Summer;o-neck;sleeveless;natural;print;0;206;http://www.aliexpress.com/item/EAST-KNITTING-fashion-BL-119-2013-Women-new-Vest-tops-womans-summer-GALAXY-Woah-Dude-2/1086459983.html
827791337;party;High;4,7;M;Spring;o-neck;threequarter;;print;0;204;http://www.aliexpress.com/item/Women-Sexy-Spoon-Neck-3-4-Sleeve-Lace-Sakter-Dress-Belt-Include-3817/827791337.html
1000493051;sexy;Low;4,6;L;Autumn;o-neck;sleeveless;natural;solid;1;204;http://www.aliexpress.com/item/New-Women-s-Sleeveless-Sexy-Lace-Splicing-Deep-V-Back-Slim-Mini-Dress-Black-16038/1000493051.html
510519284;Casual;Low;4,3;free;Summer;backless;sleeveless;empire;;0;204;http://www.aliexpress.com/item/Fashion-Backless-Jewel-Black-Chiffon-Halter-Mini-Dress-free-shopping-2000/510519284.html
738079582;Casual;Low;4,4;free;winter;halter;sleeveless;natural;;1;203;http://www.aliexpress.com/item/Glamor-Girls-Noble-Faxu-Solid-Colors-Pinafore-Cocktail-Satin-Pleated-Mini-Dress-CY0417-Free-Shipping/738079582.html
933413410;Casual;Average;4,8;M;Summer;o-neck;half;;;0;203;http://www.aliexpress.com/item/WOMEN-PATTERN-PRINTED-SHORT-SLEEVE-DRESS-WAIST-SIDE-ZIPPER-WF-4081/933413410.html
1032990258;party;Average;5;M;Spring;o-neck;half;natural;;1;202;http://www.aliexpress.com/item/2013-HOT-SALE-OL-CHIFFON-LACE-STITCHING-FAKE-BOW-PUFF-WAIST-BELT-PLEATED-DRESS-LINED-SIDE/1032990258.html
1032990258;Casual;Average;4,3;M;Spring;o-neck;half;;;1;202;http://www.aliexpress.com/item/2013-HOT-SALE-OL-CHIFFON-LACE-STITCHING-FAKE-BOW-PUFF-WAIST-BELT-PLEATED-DRESS-LINED-SIDE/1032990258.html
841203385;Sexy;Low;5;free;Summer;v-neck;sleeveless;empire;animal;1;200;http://www.aliexpress.com/item/Sexy-Ferity-Lingerie-Leopard-Print-Teddy-Backless-Mini-Dress-G-string-Free-Drop-Shiping/841203385.html
841203385;Sexy;low;5;free;Spring;v-neck;sleeveless;empire;;1;200;http://www.aliexpress.com/item/Sexy-Ferity-Lingerie-Leopard-Print-Teddy-Backless-Mini-Dress-G-string-Free-Drop-Shiping/841203385.html
619817668;party;high;4,6;M;winter;Sweetheart;sleeveless;natural;;0;196;http://www.aliexpress.com/item/Love-wedding-dress-rhinestone-flower-bride-wedding-2012-sweet-princess-wedding-dress-Free-shipping-New-style/619817668.html
1066740059;party;Average;5;M;Spring;Sweetheart;sleeveless;natural;;1;196;http://www.aliexpress.com/item/Free-Shipping-2013-New-Lovely-Hippie-5-Colors-Paisley-Print-Strapless-Dress-Club-Dress-wholesale-HL5067/1066740059.html
918331326;Brief;Average;4,8;free;winter;v-neck;half;natural;solid;0;195;http://www.aliexpress.com/item/Free-shipping-Lowest-price-New-Sexy-White-Pleated-Studded-Long-Sleeves-Dress-LC2613/918331326.html
747381880;vintage;Average;4,5;L;Autumn;o-neck;sleeveless;empire;solid;0;194;http://www.aliexpress.com/item/NEW-Women-s-Optical-Illusion-Contrast-Slimming-Bodycon-Fitted-Black-Celeb-Dress-Lady-dresses-Fashion-Hot/747381880.html
974746803;Casual;Average;4,5;L;Spring;o-neck;short;natural;patchwork;0;193;http://www.aliexpress.com/item/CL288-European-style-Famous-brand-Dress-patchwork-round-collar-Spring-Summer-fall-women-lady-free-Drop/974746803.html
855418066;Casual;Low;4,7;L;Summer;;sleeveless;;solid;1;191;http://www.aliexpress.com/item/SEXY-STRETCH-STRAPLESS-FLORAL-APPLIQUE-STRASS-DRESS-PINK/855418066.html
897981100;Casual;Average;4,8;L;winter;v-neck;short;empire;solid;0;190;http://www.aliexpress.com/item/Womens-high-elastic-deep-v-neck-pencil-dress-with-asymmetric-fold-designing-in-waist-for-freeshipping/897981100.html
933926000;Casual;Average;4,3;M;winter;slash-neck;sleeveless;natural;solid;0;189;http://www.aliexpress.com/item/LADY-ONE-SHOULDER-WRINKLE-SLIM-PACKAGE-HIP-DRESS-WITH-BELT-GWF-6156/933926000.html
968294356;Casual;Average;4,6;M;Spring;o-neck;sleeveless;natural;solid;1;188;http://www.aliexpress.com/item/dress-woman-new-fashion-chiffon-green-blue-white-candy-colors-Korean-2013-arrival-popular-hot-good/968294356.html
877962269;Casual;Average;4,7;M;winter;v-neck;sleeveless;empire;print;0;188;http://www.aliexpress.com/item/Womens-sleeveless-chiffon-knee-length-dress-for-freeshipping-and-wholesale/877962269.html
1148457078;Casual;Low;0;free;Winter;o-neck;half;natural;patchwork;1;187;http://www.aliexpress.com/item/free-shipping-Korean-version-spring-autumn-fall-winter-coat-Women-stitching-dresses-discount-skirt-lady-sweater/1148457078.html
616295248;party;Medium;4,8;M;Spring;o-neck;sleeveless;natural;;1;187;http://www.aliexpress.com/item/Shinning-Wedding-Custom-made-Prom-Gown-Dress-Evening-Ball-Party-Stock-lf082/616295248.html
522776523;Casual;low;4,7;free;Spring;o-neck;sleeveless;empire;floral;0;184;http://www.aliexpress.com/item/2012-fashion-sexy-Women-s-Floral-Classic-Vintage-Collar-Exotic-Mini-Dress-3166/522776523.html
918722829;Sexy;Low;4,8;free;Summer;slash-neck;sleeveless;empire;solid;0;182;http://www.aliexpress.com/item/M-XXXXL-Club-Dress-2013-Free-G-string-Sexy-3-colors-Free-size-See-through-Lace/918722829.html
898481530;Flare;Average;0;free;Spring;v-neck;short;;animal;0;179;http://www.aliexpress.com/item/New-Korean-Style-Sexy-Tiger-Head-style-Long-bottoming-Dress/898481530.html
862814652;Casual;Average;4,7;L;Winter;o-neck;sleeveless;natural;patchwork;0;178;http://www.aliexpress.com/item/free-Shipping-2013-fashion-dresses-women-patchwork-western-good-quality-chiffon-sleeveless-casual-dress-plus-size/862814652.html
789373177;Casual;Average;4,3;M;Autumn;o-neck;sleeveless;natural;solid;0;178;http://www.aliexpress.com/item/Black-Blue-Pink-Fashion-Ladies-Siamese-Underwear-with-zipper-Sexy-Club-Dress-clubbing-wear-Exotic-Clubwear/789373177.html
605122868;Casual;Average;4,8;L;Autumn;boat-neck;sleeveless;natural;solid;0;178;http://www.aliexpress.com/item/free-shipping-manufacturers-supply-new-fashion-Women-s-chiffon-dress-MOQ-1pc-C900/605122868.html
1078996836;Sexy;Low;0;free;Winter;v-neck;sleeveless;empire;solid;1;177;http://www.aliexpress.com/item/Free-Shipping-Sexy-Lady-Low-cut-V-Neck-Sleeveless-Cocktail-Evening-Club-Party-Mini-Dress-Skirt/1078996836.html
743417270;Sexy;low;4,4;free;Summer;bowneck;sleeveless;natural;solid;0;177;http://www.aliexpress.com/item/One-shoulder-Mini-Dress-With-Feather-Print-Pattern-Cheaper-price-LC2527/743417270.html
699738864;Casual;low;4,7;S;summer;o-neck;full;natural;patchwork;0;174;http://www.aliexpress.com/item/New-Fashion-Womens-Clothing-Ladies-Flower-Shoulder-Casual-Clubwear-Crew-Neck-Long-Sleeve-Mini-Dress-Size/699738864.html
699738864;Casual;Low;4,7;S;Summer;o-neck;full;natural;patchwork;0;174;http://www.aliexpress.com/item/New-Fashion-Womens-Clothing-Ladies-Flower-Shoulder-Casual-Clubwear-Crew-Neck-Long-Sleeve-Mini-Dress-Size/699738864.html
980295760;Casual;Low;4,8;XL;Summer;o-neck;short;empire;geometric;0;168;http://www.aliexpress.com/item/2013-new-fashion-vintage-dress-for-women-beach-dresses-with-print-pattern-extra-large-high-street/980295760.html
767971724;Brief;Average;4,3;M;Spring;o-neck;full;natural;patchwork;1;167;http://www.aliexpress.com/item/2013-new-hot-fashion-women-clothing-cotton-cute-casual-high-street-sheath-active-sexy-dress-Jane/767971724.html
1021375534;cute;low;4,5;L;Summer;o-neck;sleeveless;natural;solid;1;165;http://www.aliexpress.com/item/women-dresses-new-fashion-2013-summer-mini-print-chiffon-casual-preppy-career-sheath-sarafan-bandage-dress/1021375534.html
726446177;party;very-high;4,1;M;Winter;Scoop;short;natural;;1;164;http://www.aliexpress.com/item/2012-bridal-evening-dress-evening-dress-short-design-slim-hip-fashion/726446177.html
743485617;cute;Average;4,4;free;Spring;Sweetheart;sleeveless;empire;solid;1;164;http://www.aliexpress.com/item/White-Satin-Bandeau-Off-Shoulder-Evening-Cocktail-Dresses-Chiffon-Rhinestone-Drop-Shipping-Cheap-Price-LC6116/743485617.html
940918554;Sexy;low;4,7;M;Winter;slash-neck;sleeveless;;solid;1;163;http://www.aliexpress.com/item/Women-s-Sexy-One-Shoulder-wrinkle-Slim-package-Hip-stretch-Dress-with-Belt/940918554.html
1117997056;Casual;Low;4,3;free;Summer;o-neck;sleeveless;;animal;0;157;http://www.aliexpress.com/item/2013-European-Style-Women-Summer-Fly-Sleeve-O-neck-Slim-Waist-Animal-Leopard-Print-Pleated-Milk/1117997056.html
1031230798;bohemian;Average;4,7;L;Autumn;o-neck;sleeveless;natural;solid;0;155;http://www.aliexpress.com/item/Drop-ship-Chiffon-dress-Long-Autumn-dress-warm-fashion-maxi-dresses-winter-mint-green-casual-dress/1031230798.html
702984554;Casual;Average;4,8;L;Autumn;o-neck;short;natural;;0;155;http://www.aliexpress.com/item/Free-Shipping-2012-New-arrival-KaKa-Europe-Style-Women-s-Dress-Fashion-Cashmere-Knee-Length-Dress/702984554.html
1031230798;bohemian;Average;4,8;L;Winter;o-neck;sleeveless;natural;solid;0;155;http://www.aliexpress.com/item/Drop-ship-Chiffon-dress-Long-Autumn-dress-warm-fashion-maxi-dresses-winter-mint-green-casual-dress/1031230798.html
892801580;vintage;Average;4,7;L;Summer;o-neck;short;natural;solid;0;154;http://www.aliexpress.com/item/Free-Shipping-hot-sell-Womens-Vintage-Rockabilly-Pinup-Bodycon-Fitted-Party-Pencil-Shift-Sheath-Dress-S/892801580.html
977173764;Casual;Average;4,2;M;winter;v-neck;full;empire;patchwork;1;153;http://www.aliexpress.com/item/Womens-long-sleeve-lace-dress-with-black-chiffon-skirt-patchwork-and-belt-decoration-for-wholesale-and/977173764.html
799301728;vintage;Average;4,7;M;Summer;v-neck;short;natural;print;0;148;http://www.aliexpress.com/item/Free-shipping-2013-summer-fashion-slim-chinese-dress-vintage-retro-with-floral-printed-short-sleeves-size/799301728.html
981437831;Casual;Average;5;XL;Autumn;o-neck;short;natural;;0;147;http://www.aliexpress.com/item/New-Fashion-Women-s-Crew-Neck-Graceful-Casual-Short-Sleeve-Chiffon-Mini-Dress-Pink-White-Black/981437831.html
751364614;party;Average;4,7;free;Spring;Sweetheart;sleeveless;empire;solid;1;147;http://www.aliexpress.com/item/Fashion-one-shoulder-handmade-diamond-beaded-slim-high-waist-evening-dress-full-dress-long-formal-dress/751364614.html
924108301;Casual;Low;4,7;L;Summer;o-neck;full;natural;patchwork;1;147;http://www.aliexpress.com/item/2013-hot-trendy-cozy-fashion-women-clothing-cotton-cute-casual-high-street-sheath-active-sexy-dress/924108301.html
856139963;Casual;Low;5;free;Spring;v-neck;full;natural;solid;1;144;http://www.aliexpress.com/item/Korean-Fashion-Style-Womens-Ladies-Long-Sleeve-Sheath-Dresses-Dress-Hot-Sale-Free-Shipping-C0099P/856139963.html
835915937;Casual;Average;4,9;M;Summer;o-neck;short;dropped;patchwork;0;144;http://www.aliexpress.com/item/Factory-direct-supply-women-s-2013-new-European-style-fashion-noble-stitching-hit-color-zipper-dress/835915937.html
819651586;bohemian;Low;4,7;free;Winter;o-neck;short;natural;print;0;141;http://www.aliexpress.com/item/New-2013-fashion-shirt-Women-ladies-casual-dress-Miniskirt-Ice-silk-cotton-bat-short-sleeve-round/819651586.html
876761815;Casual;Low;5;M;Spring;o-neck;sleeveless;natural;print;0;141;http://www.aliexpress.com/item/Free-shipping-fashion-sexy-brief-geometric-patterns-graphic-print-o-neck-loose-vest-one-piece-dress/876761815.html
933951149;party;Average;5;M;Spring;o-neck;sleeveless;;;1;140;http://www.aliexpress.com/item/Length-White-Ivory-Sequins-Lace-Applique-Wedding-bridal-Veil-Cathedral/933951149.html
755078866;Casual;Low;4,7;free;winter;o-neck;sleeveless;natural;animal;0;140;http://www.aliexpress.com/item/Casual-Fashion-Women-Sexy-Pattern-Bra-Top-over-hips-Slim-Fitting-Milk-silk-Leopard-Dress-free/755078866.html
699651184;Casual;Low;4,7;S;Autumn;o-neck;sleeveless;natural;solid;0;136;http://www.aliexpress.com/item/New-Fashion-Womens-Clothing-Bird-Animal-Pattern-Print-Crew-Neck-Casual-Chiffon-Sundress-Mini-Dress-Size/699651184.html
944264938;Sexy;Low;4,8;free;Spring;slash-neck;sleeveless;natural;solid;0;135;http://www.aliexpress.com/item/New-Hot-Sexy-Iampretty-Women-s-Lady-Inclined-Shoulder-Sequins-Evening-Mini-Dress-Shirt-L0341010/944264938.html
1088674674;Casual;Low;4,7;M;Winter;o-neck;full;empire;print;1;134;http://www.aliexpress.com/item/A0036Hot-2013women-s-summer-Casual-dress-sleeveless-geometric-polka-waist-free-ship-dresses-minidress-sundres-big/1088674674.html
871219565;Brief;Low;4,6;M;Summer;o-neck;short;natural;animal;0;134;http://www.aliexpress.com/item/Free-shipping-Summer-2013-new-fashion-leisure-relaxed-zebra-dress-short-sleeved-fashion-sportswear/871219565.html
1079955163;Casual;Average;4,6;L;Summer;bowneck;full;dropped;patchwork;0;134;http://www.aliexpress.com/item/Drop-shipping-spring-and-autumn-long-sleeve-dress-slim-2013-patchwork-hip-slim-one-piece-dress/1079955163.html
1217548862;vintage;Average;0;L;Summer;sqare-collor;short;empire;dot;1;131;http://www.aliexpress.com/item/2013-Free-Shipping-Womens-Square-Neck-Vintage-Dot-Pinup-Rockabilly-Bodycon-Business-Party-Pencil-Wiggle-Knee/1217548862.html
874397327;Casual;Average;4,7;S;Summer;v-neck;short;natural;dot;0;130;http://www.aliexpress.com/item/Korea-Women-s-High-Waist-Slim-Short-Sleeve-V-Neck-Polka-Dot-Dress-Free-shipping-9580/874397327.html
869572905;Casual;Low;4,7;free;Summer;o-neck;sleeveless;;print;0;129;http://www.aliexpress.com/item/HOT-SELLER-WOMEN-FLORAL-LOOSE-SHORT-SLEEVE-CHIFFON-DRESS-WITH-BELT-WF-3979/869572905.html
902108125;Sexy;Average;4,8;free;Winter;o-neck;sleeveless;natural;solid;0;129;http://www.aliexpress.com/item/Chic-Gold-Embroidered-Lace-Tank-Dress-Black-LC2784-Tank-Dress-for-women-2013/902108125.html
817945281;Casual;low;4,5;free;Summer;o-neck;full;natural;solid;0;128;http://www.aliexpress.com/item/Free-Shipping-Korean-fall-and-winter-fashion-new-ladies-OL-round-neck-long-sleeved-dress-sexy/817945281.html
890848361;vintage;Average;4,9;free;Summer;o-neck;turndown;empire;;0;128;http://www.aliexpress.com/item/Free-Shipping-Ice-silk-beach-dress-blue-and-white-porcelain-is-the-vintage-print-dress/890848361.html
751364623;party;Average;4,8;L;;Sweetheart;sleeveless;empire;;1;127;http://www.aliexpress.com/item/Fashion-tube-top-sexy-evening-dress-dresses-married-the-bride-clothing-full-dress-white-black-evening/751364623.html
854444464;Casual;Average;4,5;L;Winter;o-neck;short;natural;patchwork;0;126;http://www.aliexpress.com/item/Free-Shipping-2013-new-lace-pants-shorts-Korean-conjoined-pants-female-Xia-belt-jumpsuit-dress/854444464.html
864253055;bohemian;Average;5;free;Summer;v-neck;sleeveless;natural;print;1;124;http://www.aliexpress.com/item/Women-Fashion-V-Neck-Halter-Boho-Maxi-Evening-Party-Full-Long-Plunge-DressFF0826/864253055.html
1117293701;party;Average;5;free;Summer;o-neck;full;natural;solid;0;123;http://www.aliexpress.com/item/Free-shipping-Lowest-price-New-Sexy-Lily-Mesh-Exposed-Top-and-Side-Bodycon-Dress-LC6156/1117293701.html
1043590098;Casual;low;5;free;Spring;slash-neck;sleeveless;empire;striped;1;121;http://www.aliexpress.com/item/Free-shipping-club-wear-wholesale-store-hot-dress-one-piece-striped-solid-US-European-Club-women/1043590098.html
1028061165;Casual;Average;4,5;M;Winter;o-neck;sleeveless;natural;striped;0;121;http://www.aliexpress.com/item/New-Fashion-Women-Summer-Beach-Full-Length-Chiffon-Chromatic-Stripe-Asymmetric-Sleeveless-Tank-Bohemian-Long-Maxi/1028061165.html
722020708;Casual;Low;4,5;free;Winter;o-neck;full;natural;solid;0;120;http://www.aliexpress.com/item/Valentine-s-Day-Korean-Cotton-Tops-Batwing-Mini-Dress-Women-Clothes-Long-Sleeve/722020708.html
863336720;Casual;Average;4,3;free;Summer;o-neck;sleeveless;natural;striped;0;120;http://www.aliexpress.com/item/Hot-selling-black-and-white-stripe-tank-dress-sexy-one-piece-dress-fashion-beach-dress/863336720.html
694493217;Casual;low;4,6;M;Summer;o-neck;sleeveless;natural;striped;0;120;http://www.aliexpress.com/item/Fashion-Women-s-Ladies-Summer-Cotton-Short-Sleeve-Crew-Neck-Stripe-Casual-Tunic-Mini-Dress-Size/694493217.html
958270190;Casual;Low;0;L;winter;v-neck;full;;solid;0;120;http://www.aliexpress.com/item/2013-Spring-Korea-Womens-long-Sleeve-Mini-Dress-Slim-Fit-Tunic-Basic-Solid-Tops-New-S/958270190.html
863336720;Casual;Average;4,2;free;Summer;o-neck;sleeveless;natural;striped;0;120;http://www.aliexpress.com/item/Hot-selling-black-and-white-stripe-tank-dress-sexy-one-piece-dress-fashion-beach-dress/863336720.html
875608094;Casual;Low;4,4;free;Summer;o-neck;full;natural;solid;0;120;http://www.aliexpress.com/item/New-Women-s-Causal-Lady-O-neck-Zipper-Long-Sleeve-Dress-Grey-Free-shipping-9741/875608094.html
945651303;Casual;Low;5;M;Spring;o-neck;sleeveless;natural;solid;1;118;http://www.aliexpress.com/item/Womens-Fashion-Chiffon-Pleated-Mint-Green-Sleeveless-Dress-US-Size-6-8-10/945651303.html
857432541;Casual;Low;4,7;free;Spring;o-neck;half;natural;print;0;118;http://www.aliexpress.com/item/Free-shipping-2013-summer-women-s-dress-flower-lace-chiffon-dress-ruffle-dress-novelty-dress-NQ/857432541.html
876708804;Sexy;Low;4,8;M;Spring;o-neck;half;natural;solid;0;117;http://www.aliexpress.com/item/Club-Dress-2013-New-Trenzy-sheath-women-sequined-O-neck-Sleeveless-Mini-Sexy-Dress-2013-Europe/876708804.html
956453735;cute;low;5;L;Winter;o-neck;threequarter;natural;print;0;117;http://www.aliexpress.com/item/Free-shipping-Wild-Style-Women-s-Floral-chiffon-Slim-Waist-dress-With-Belt-2006/956453735.html
660016574;Casual;very-high;4,6;M;winter;o-neck;short;natural;;1;117;http://www.aliexpress.com/item/Free-Shipping-custom-made-sleeve-floor-length-white-appliqued-backless-sexy-wedding-dress/660016574.html
876708804;Sexy;Low;4,8;L;Summer;o-neck;sleeveless;natural;solid;0;117;http://www.aliexpress.com/item/Club-Dress-2013-New-Trenzy-sheath-women-sequined-O-neck-Sleeveless-Mini-Sexy-Dress-2013-Europe/876708804.html
1249825438;Sexy;Average;0;free;Autumn;o-neck;full;natural;solid;0;117;http://www.aliexpress.com/item/Free-Shipping-Yellow-Long-Sleeve-Bandage-Dress-Orange-Neon-Clubwear-Dresses-One-shoulder-Bodycon-dress-LB5063/1249825438.html
636178374;party;Medium;4,7;M;Winter;o-neck;sleeveless;empire;;1;115;http://www.aliexpress.com/item/Free-shipping-Drop-Shipping-Loose-Low-key-Luxury-Long-Evening-dress-Plus-size-3color-RG1209020/636178374.html
825341937;party;high;4,8;M;Summer;Sweetheart;sleeveless;princess;;1;113;http://www.aliexpress.com/item/Wedding-dress-bridesmaid-dress-evening-dress-evening-dress-short-skirt-bandage-hy-lacing-wedding-dress/825341937.html
974775647;Casual;Low;5;M;Autumn;o-neck;sleeveless;empire;print;1;113;http://www.aliexpress.com/item/QQ-0124G-o-neck-women-s-angelababy-vintage-printslim-cotton-short-design-sleeveless-one-piece-dress/974775647.html
964917582;Casual;Average;5;L;Summer;o-neck;sleeveless;natural;;1;113;http://www.aliexpress.com/item/2013-Korea-Sexy-Elegant-Laides-Women-Round-Neck-Sleeveless-Elastic-Floral-Vest-Mini-Dress-Free-Shipping/964917582.html
676827184;Casual;high;4,6;M;Summer;Sweetheart;sleeveless;empire;;1;112;http://www.aliexpress.com/item/Cute-Beaded-sequin-Dress-Short-Prom-party-cocktail-Evening-Dress-Gown-8size-Hot-Stock-FREE-SHIPPING/676827184.html
861001391;party;high;4,5;M;winter;o-neck;sleeveless;;;1;111;http://www.aliexpress.com/item/free-Shipping-Tube-top-train-2013-tube-top-slim-wedding-dress-2012-train/861001391.html
535968075;work;Medium;4,6;L;Winter;sqare-collor;short;empire;solid;0;110;http://www.aliexpress.com/item/Free-Shipping-Princess-office-lady-shirt-summer-dress-2012-summer-dresses-for-women-Hot-sale-new/535968075.html
736076633;party;very-high;4,9;L;Spring;slash-neck;sleeveless;;;1;110;http://www.aliexpress.com/item/Free-Shipping-Grace-Karin-Stock-One-Shoulder-Pleated-Party-Gown-Prom-Ball-Evening-Dress-8-Size/736076633.html
935827969;cute;Average;4,3;free;Summer;boat-neck;sleeveless;;;1;108;http://www.aliexpress.com/item/Double-pattern-bohemia-skirt-pleated-sleeveless-chiffon-one-piece-dress-q752-patchwork/935827969.html
1039384371;Casual;Average;4,8;free;Summer;o-neck;sleeveless;natural;solid;0;107;http://www.aliexpress.com/item/Casual-Fashion-Women-s-Elegant-Crew-Neck-Button-shoulder-Tunic-Sleeveless-Dress-With-Belt-Free-shipping/1039384371.html
1118628066;Casual;Medium;0;S;Spring;v-neck;full;;animal;1;104;http://www.aliexpress.com/item/2013-European-Summer-Colorful-Butterfly-Print-Bohemian-Braces-Skirt-Long-Maxi-Dress-With-Belt-L0341257/1118628066.html
976975672;Novelty;Average;4,9;L;Autumn;o-neck;short;natural;print;1;104;http://www.aliexpress.com/item/S-454-New-Fashion-2013-Women-Celebrity-Dress-Printing-Floral-Chiffon-Dress-Fashion-Totem-Vintage/976975672.html
764321904;Sexy;Average;5;L;winter;o-neck;threequarter;natural;geometric;0;104;http://www.aliexpress.com/item/2013-New-Fashion-Bodycon-Lady-Women-Lace-Dress-Slash-O-Neck-Cocktail-Evening-Mini-Dress-Black/764321904.html
976975672;Novelty;Average;4,9;M;Autumn;o-neck;short;natural;print;1;104;http://www.aliexpress.com/item/S-454-New-Fashion-2013-Women-Celebrity-Dress-Printing-Floral-Chiffon-Dress-Fashion-Totem-Vintage/976975672.html
1033144189;cute;Average;4,7;M;Spring;o-neck;full;natural;solid;1;104;http://www.aliexpress.com/item/FREE-SHIPPING-MANDARIN-COLLAR-STRASS-SLIM-FIT-LACE-LONG-SLEEVE-DRESS-1127/1033144189.html
898316819;party;Medium;4,6;S;Winter;Scoop;short;empire;;0;103;http://www.aliexpress.com/item/2013-new-Design-Modern-women-sweet-princess-Puff-Wedding-dress-two-color-size-S-M-L/898316819.html
444282011;party;very-high;4,9;M;Spring;v-neck;sleeveless;empire;;1;102;http://www.aliexpress.com/item/free-shipping-printing-fabirc-shining-beading-perfect-handwork-Sleeveless-evening-dress-OL101586/444282011.html
549437715;Casual;Average;4,4;M;Summer;turndowncollor;sleeveless;natural;solid;0;101;http://www.aliexpress.com/item/2012-New-Women-Bohenmia-Pleated-Wave-Lace-Strap-Princess-Chiffon-long-Maxi-dress-Four-Colors-Hot/549437715.html
891631697;party;Average;5;free;Summer;v-neck;sleeveless;;;0;101;http://www.aliexpress.com/item/Fashion-rhinestones-beach-full-dress-skirt-beach-wear-5/891631697.html
618420156;party;very-high;4,7;L;Winter;slash-neck;sleeveless;empire;;1;98;http://www.aliexpress.com/item/One-Shoulder-Party-Gown-Prom-Bridal-Wedding-Dress-Evening-dress-LF005/618420156.html
685606338;Casual;Medium;4,6;M;winter;o-neck;full;natural;solid;1;97;http://www.aliexpress.com/item/2012-autumn-women-s-autumn-cashmere-sweater-plus-size-woolen-one-piece-tank-dress-423/685606338.html
909624960;work;Average;5;M;Summer;o-neck;sleeveless;natural;solid;1;96;http://www.aliexpress.com/item/Fashion-Women-Lady-Crew-Neck-Sleeveless-Button-Shoulder-Tunic-Dress-with-Belt/909624960.html
560474456;Sexy;low;4,3;free;Winter;v-neck;sleeveless;natural;solid;1;95;http://www.aliexpress.com/item/new-Promotions-2012-hot-summer-Fashion-trendy-women-clothes-Skirt-Dress-cool-Slim-behind-the-embroidered/560474456.html
622667306;party;very-high;4,9;M;Spring;Sweetheart;sleeveless;natural;;1;95;http://www.aliexpress.com/item/Women-s-Evening-Party-Long-Asymmetric-Dress-Prom-Ball-Gowns-Cocktail-Wed-Bridal-LF079/622667306.html
900108476;Casual;Low;5;free;winter;o-neck;full;natural;solid;0;95;http://www.aliexpress.com/item/Holiday-Sale-New-Fashion-Mini-Long-Sleeve-Butterfly-Flower-Woollen-Sweater-Short-Skirt-Dress-free-shopping/900108476.html
560474456;Sexy;low;4,4;free;Autumn;v-neck;sleeveless;natural;solid;1;95;http://www.aliexpress.com/item/new-Promotions-2012-hot-summer-Fashion-trendy-women-clothes-Skirt-Dress-cool-Slim-behind-the-embroidered/560474456.html
818295153;bohemian;low;5;free;Summer;o-neck;sleeveless;empire;print;1;94;http://www.aliexpress.com/item/2013-new-summer-national-style-printing-Bohemia-dress-sleeveless-dress-skirt-Women-dress/818295153.html
861698160;Casual;Average;4,1;M;Autumn;v-neck;full;;;1;93;http://www.aliexpress.com/item/Free-Shipping-HOT-Sale-Korean-Casual-Womens-Long-Sleeve-Bow-knot-Waist-Lace-Flower-Chiffon-Mini/861698160.html
710089916;Brief;Average;4,9;XL;Spring;slash-neck;full;natural;solid;0;93;http://www.aliexpress.com/item/Autumn-Long-Sleeve-Dresses-Women-Korean-fashion-Slim-Mini-OL-Dress-Skirt-for-Ladies-with-Belt/710089916.html
663993130;Casual;Medium;4,9;L;Spring;sqare-collor;sleeveless;empire;print;0;93;http://www.aliexpress.com/item/S-XXXXL-Plue-Size-free-shipping-Hot-selling-women-s-spring-and-summer-new-2-pcs/663993130.html
1122989777;Brief;Low;4;XL;Summer;v-neck;short;natural;solid;0;91;http://www.aliexpress.com/item/Big-Size-New-2013-One-Piece-Dress-Women-Plus-Summer-100-Cotton-Dress-3XL-Brand-Simple/1122989777.html
600514129;cute;Medium;4,9;S;Summer;bowneck;sleeveless;empire;patchwork;1;91;http://www.aliexpress.com/item/July-new-summer-lady-dress-lace-fashion-dress-Puff-sleeve-966-0452/600514129.html
1099696103;Casual;Average;4,8;free;Summer;o-neck;sleeveless;natural;;0;89;http://www.aliexpress.com/item/EAST-KNITTING-fashion-BL-122-2013-Women-brand-black-milk-Pills-Dresses-galaxy-printing-summer-Vest/1099696103.html
1197204708;Casual;Low;0;M;Summer;v-neck;full;natural;solid;0;88;http://www.aliexpress.com/item/At-a-free-shipping-Lace-one-piece-dress-2013-spring-sweet-summer-tight-fitting-V-neck/1197204708.html
961230947;work;Average;4,9;M;Winter;slash-neck;short;natural;solid;0;88;http://www.aliexpress.com/item/Free-shipping-Lowest-price-New-Office-lady-Cap-sleeves-Peplum-Dress-with-Belt-Black-White-pink/961230947.html
1069577979;Casual;Low;4;free;Summer;v-neck;sleeveless;natural;print;0;88;http://www.aliexpress.com/item/FREE-SHIPPING-Deep-V-Wrap-Chiffon-Swimwear-Bikini-Cover-Up-Sarong-Beach-Dress/1069577979.html
1060207186;Brief;Average;0;M;Autumn;o-neck;short;natural;print;0;87;http://www.aliexpress.com/item/Free-Shipping-2013-New-Arrival-Sexy-Colorful-Printed-Design-Fashion-Lady-Summer-Dress-Sexy-Clubwear-Size/1060207186.html
579010251;party;high;4,6;L;Spring;slash-neck;sleeveless;empire;;0;87;http://www.aliexpress.com/item/One-Shoulder-Party-Gown-Prom-Bridal-Wedding-Dress-Formal-attire-Size-Us-Uk-6-8-10/579010251.html
866405822;bohemian;Average;4,8;S;Summer;v-neck;short;natural;solid;0;87;http://www.aliexpress.com/item/HOT-SEXY-V-NECK-SOLID-COLOR-SLIM-OL-SHORT-SLEEVED-DRESS-GWF-6007/866405822.html
1024954013;Casual;Average;4,7;L;Summer;o-neck;sleeveless;natural;solid;0;83;http://www.aliexpress.com/item/Womens-Chiffon-Handmade-Bead-Shoulder-Bow-Belt-Sleeveless-Pleated-Vest-Dress/1024954013.html
963684109;party;very-high;4,9;M;Spring;Sweetheart;sleeveless;empire;;1;82;http://www.aliexpress.com/item/Stock-Us-4-6-8-10-12-14-Elegant-Beach-Sweetheart-Sleeveless-Beading-Pleat-Chiffon-Wedding/963684109.html
880692544;Casual;Average;4,7;XL;winter;v-neck;short;empire;print;0;82;http://www.aliexpress.com/item/New-arrival-6colors-high-quality-milk-silk-ladies-elegant-V-neck-short-sleeve-slim-mid-calf/880692544.html
1130463523;Sexy;Medium;0;free;winter;o-neck;sleeveless;natural;solid;0;82;http://www.aliexpress.com/item/new-arrival-sexy-party-Black-Skater-Dress-with-open-back-in-Sequin-and-Lace-LC2867/1130463523.html
573923366;sexy;Low;4,3;M;Autumn;open;short;natural;print;0;81;http://www.aliexpress.com/item/2012-Sexy-Women-s-Elegant-Lace-Off-Shoulder-Short-Sleeve-Mini-Dress-free-shipping-5387/573923366.html
1097157656;Casual;Average;4,4;L;Autumn;o-neck;half;natural;animal;0;79;http://www.aliexpress.com/item/SIZE-S-XXL-2013-summer-women-s-butterfly-print-large-size-European-and-American-big-hollow/1097157656.html
1053467336;party;Average;5;M;Winter;o-neck;cap-sleeves;empire;;1;79;http://www.aliexpress.com/item/New-Light-Peach-Allover-Pink-Lace-Three-Fourth-Sleeves-Dress-drop-shipping/1053467336.html
1097157656;Casual;Average;4,5;L;Spring;boat-neck;threequarter;natural;animal;0;79;http://www.aliexpress.com/item/SIZE-S-XXL-2013-summer-women-s-butterfly-print-large-size-European-and-American-big-hollow/1097157656.html
990559192;Brief;Average;4,7;M;winter;o-neck;half;natural;striped;0;77;http://www.aliexpress.com/item/New-chic-Black-white-Stripe-womens-lady-Half-Rolled-up-Sleeve-show-thin-Packet-buttock-pencil/990559192.html
684561284;party;very-high;4,8;free;Spring;Sweetheart;sleeveless;natural;;1;76;http://www.aliexpress.com/item/Empire-Waistline-Utterly-Divine-Strapless-Chiffon-Cheap-Evening-Dress-Long/684561284.html
722565148;Sexy;low;4,4;free;Autumn;o-neck;full;empire;leopard;0;75;http://www.aliexpress.com/item/FREE-SHIPPING-NEW-FASHION-sexy-leopard-print-lace-slim-hip-one-piece-dress-FL76/722565148.html
1116072373;Novelty;Medium;4,2;M;Winter;o-neck;half;natural;animal;1;75;http://www.aliexpress.com/item/S-XXL-2013-summer-women-s-butterfly-print-large-size-European-and-American-big-hollow-lace/1116072373.html
869138763;Casual;Average;4,1;L;winter;o-neck;sleeveless;natural;;1;75;http://www.aliexpress.com/item/NEW-Lady-Optical-Illusion-Contrast-Slimming-Bodycon-Fitted-Black-Celeb-Dress-Lady-dresses-Fashion-Hot-Sale/869138763.html
722565148;Sexy;Low;4,3;free;Summer;o-neck;full;empire;;0;75;http://www.aliexpress.com/item/FREE-SHIPPING-NEW-FASHION-sexy-leopard-print-lace-slim-hip-one-piece-dress-FL76/722565148.html
1023830972;Casual;Average;0;S;Winter;slash-neck;half;natural;;0;74;http://www.aliexpress.com/item/The-new-star-models-work-jacket-and-skirt-package-hip-skirt-party/1023830972.html
950048509;Casual;high;0;L;winter;v-neck;full;;solid;0;73;http://www.aliexpress.com/item/FREE-SHIPPING-New-arrival-2013-spring-plus-size-clothing-one-piece-dress-plus-size-clothing-plus/950048509.html
901346821;Sexy;low;4,7;free;Summer;v-neck;sleeveless;;;0;73;http://www.aliexpress.com/item/Free-Shipping-Women-s-Beach-style-gowns-bikini-veil-strap-beach-wrap-dress-holiday-beach-dress/901346821.html
832949213;Casual;Low;4,4;free;Summer;o-neck;sleeveless;;animal;0;73;http://www.aliexpress.com/item/National-trend-peacock-feather-bohemia-short-lantern-skirt-beach-dress-plus-size/832949213.html
1104504876;cute;Low;0;free;Winter;o-neck;sleeveless;natural;;0;72;http://www.aliexpress.com/item/Free-shipping-The-new-2013-fashionable-wave-sleeveless-white-dress/1104504876.html
727820291;Casual;low;4,5;M;Winter;o-neck;short;natural;solid;0;71;http://www.aliexpress.com/item/New-Fashion-Women-s-Crew-Neck-Graceful-Casual-Short-Sleeve-Chiffon-Mini-Dress-Pink-White-Black/727820291.html
865490824;Sexy;high;5;M;Summer;v-neck;sleeveless;natural;striped;0;71;http://www.aliexpress.com/item/Top-Quality-New-Arrived-HL-Evening-Sexy-Ladies-Strap-Bandage-Dress-Celebrity-Dress/865490824.html
953168456;cute;Average;4,7;L;Summer;o-neck;sleeveless;natural;solid;0;70;http://www.aliexpress.com/item/Free-shipping-Lowest-price-New-Sexy-Stretchy-Foil-Printing-Bodycon-Dress-Black-LC2833/953168456.html
757260823;Casual;Low;4,8;free;Spring;o-neck;full;natural;solid;0;69;http://www.aliexpress.com/item/2013-hot-trendy-cozy-fashion-women-clothing-cotton-cute-casual-high-street-sheath-active-sexy-dress/757260823.html
733715437;Brief;Average;4,9;free;Summer;slash-neck;sleeveless;natural;solid;0;67;http://www.aliexpress.com/item/2013-spring-Luxury-gorgeous-romantic-stand-up-collar-jumpsuit-dress-waist-evening-dress-free-shipping-WQL073/733715437.html
1246945687;Novelty;Average;0;free;Summer;o-neck;full;natural;solid;0;67;http://www.aliexpress.com/item/2013-New-Fashion-Women-Novelty-Bandage-Dress-Sexy-One-Sleeve-Backless-Hip-Slimming-Bodycon-Dress-Clubwear/1246945687.html
733715437;Brief;Average;4,9;free;Winter;o-neck;sleeveless;natural;solid;0;67;http://www.aliexpress.com/item/2013-spring-Luxury-gorgeous-romantic-stand-up-collar-jumpsuit-dress-waist-evening-dress-free-shipping-WQL073/733715437.html
933231033;Casual;Average;4,7;S;Spring;o-neck;half;empire;;1;66;http://www.aliexpress.com/item/WOMEN-CREW-NECK-LACE-STITCHING-CHIFFON-DRESS-WITH-BELT-WF-4057/933231033.html
933231033;party;Average;4,7;M;Spring;o-neck;half;empire;patchwork;1;66;http://www.aliexpress.com/item/WOMEN-CREW-NECK-LACE-STITCHING-CHIFFON-DRESS-WITH-BELT-WF-4057/933231033.html
1000425584;cute;Average;4,5;L;winter;v-neck;sleeveless;natural;solid;1;66;http://www.aliexpress.com/item/free-shipping-6-color-Ladies-sleeveless-dress/1000425584.html
904781800;cute;Average;5;M;Autumn;v-neck;sleeveless;natural;solid;0;66;http://www.aliexpress.com/item/Free-shipping-2013-new-fashion-casual-V-neck-denim-skirt-flounced-vest-skirt-sleeveless-denim-dress/904781800.html
549159213;Casual;Average;4,5;free;Summer;o-neck;short;natural;solid;1;65;http://www.aliexpress.com/item/2012-New-Fashion-Women-Mini-Short-Batwing-Sleeve-T-Shirt-Two-Piece-mini-Dress-free-shipping/549159213.html
549159213;Casual;Average;4,4;free;Summer;o-neck;cap-sleeves;natural;solid;1;65;http://www.aliexpress.com/item/2012-New-Fashion-Women-Mini-Short-Batwing-Sleeve-T-Shirt-Two-Piece-mini-Dress-free-shipping/549159213.html
1066273951;Casual;Average;3,5;M;winter;v-neck;short;natural;solid;0;64;http://www.aliexpress.com/item/2013-Elegant-Ladies-V-Neck-Fashion-Celebrity-Pencil-Dress-Women-Wear-to-Work-Slim-Knee-Length/1066273951.html
1199912555;Casual;Average;0;XL;Spring;bowneck;sleeveless;natural;solid;0;64;http://www.aliexpress.com/item/Plus-size-clothing-summer-2013-loose-short-sleeve-lace-plus-size-one-piece-dress-plus-size/1199912555.html
1096779299;Casual;Average;0;free;Winter;o-neck;half;empire;solid;0;63;http://www.aliexpress.com/item/2013-lady-s-dress-summer-vintage-cutout-aesthetic-embroidery-flower-one-piece-dress-free-shipping-LSH6872/1096779299.html
1135456589;Casual;Average;0;XL;Winter;v-neck;short;empire;solid;1;63;http://www.aliexpress.com/item/Womens-plus-size-curve-pencil-dress-with-zipper-decoration-and-pocket-in-sides-for-wholesale-and/1135456589.html
1017484769;Sexy;Low;0;free;Summer;v-neck;sleeveless;dropped;;1;59;http://www.aliexpress.com/item/Sexy-Purple-Lace-Mini-Dress-G-string-Gater-Lingerie/1017484769.html
751776863;Casual;Average;4,5;free;Autumn;o-neck;half;natural;solid;1;59;http://www.aliexpress.com/item/NEW-ELEGANT-KOREAN-WOMENS-HOLLOW-CROCHET-LACE-KNIT-TOPS-OUTERWEAR-SHIRT-BLOUSE/751776863.html
855037000;Casual;Average;4,4;free;Summer;slash-neck;sleeveless;empire;;1;58;http://www.aliexpress.com/item/Chic-Womens-One-Shoulder-Long-Sleeves-Peacock-Tassels-Party-Mini-Evening-Dress-HR510-Free-Shipping/855037000.html
1079373429;Casual;Average;4,5;M;Summer;peterpan-collor;sleeveless;;;0;57;http://www.aliexpress.com/item/NEW-SALE-SUMMER-NEW-LAPEL-BUTTONS-SPELL-COLOR-CHIFFON-DRESS-NO-LINING-MICROLENS-WF-4332/1079373429.html
1010356223;vintage;Average;4,8;M;Summer;v-neck;full;natural;;1;57;http://www.aliexpress.com/item/DR3040-A03-L007-ZA-Brand-Women-s-National-Style-Floral-Prints-Imitation-Silk-Dress-Ladies-Vintage/1010356223.html
1079373429;work;Average;4,7;M;Spring;v-neck;sleeveless;;;0;57;http://www.aliexpress.com/item/NEW-SALE-SUMMER-NEW-LAPEL-BUTTONS-SPELL-COLOR-CHIFFON-DRESS-NO-LINING-MICROLENS-WF-4332/1079373429.html
886351969;cute;Medium;4,8;free;Spring;slash-neck;sleeveless;natural;solid;1;55;http://www.aliexpress.com/item/2013-summer-excellent-quality-elegant-fashion-SEXY-dew-shoulder-chiffon-maxi-long-dress/886351969.html
732184480;party;very-high;4,8;L;Spring;Sweetheart;sleeveless;empire;;1;55;http://www.aliexpress.com/item/free-shipping-2013-popular-fashion-cheap-in-stock-prom-party-evening-cocktail-graduation-dresses-gowns-on/732184480.html
1160536550;Casual;Average;0;L;Spring;o-neck;half;natural;solid;1;52;http://www.aliexpress.com/item/Free-shipping-the-new-2013-han-edition-code-show-thin-big-skirt-in-summer/1160536550.html
1099394392;Sexy;Low;0;free;Summer;v-neck;sleeveless;empire;solid;0;52;http://www.aliexpress.com/item/2013-New-Mini-clubwear-Dresses-Gauze-Paillette-Bsic-Slim-Hip-Sexy-Dress-Party-wear-14243/1099394392.html
1036456647;Sexy;Average;5;M;Summer;v-neck;sleeveless;empire;solid;1;51;http://www.aliexpress.com/item/Black-Gauze-Paillette-Bsic-Slim-Hip-Sexy-Dress-Bodycon-2013-Mini-clubwear-Dresses-S-M-L/1036456647.html
912614690;bohemian;Low;5;free;Spring;o-neck;short;natural;print;1;51;http://www.aliexpress.com/item/Wholesale-and-retail-Specials-National-trend-viscose-Loose-dress-beach-dress-drawstring-plus-size-cross-line/912614690.html
1167448608;cute;low;0;free;Summer;peterpan-collor;short;empire;print;0;50;http://www.aliexpress.com/item/New-2013-Fashion-Women-Casual-Dress-Hot-Selling-Doll-Collar-One-Piece-Dress-High-Street-Cat/1167448608.html
818505402;Casual;low;4,4;free;Summer;turndowncollor;sleeveless;natural;solid;0;48;http://www.aliexpress.com/item/Holiday-Sale-2013-New-arrivie-rose-sexy-backless-dresses-small-formal-dresses-free-shipping-5347/818505402.html
689406468;party;very-high;4,6;free;Summer;o-neck;sleeveless;empire;solid;0;48;http://www.aliexpress.com/item/lady-s-sexy-party-club-wear-bright-orange-dresses-woman-elastic-bandage-HL-zipper-short-tank/689406468.html
1055149353;Sexy;Low;0;free;winter;v-neck;;dropped;;1;46;http://www.aliexpress.com/item/New-Women-s-Sexy-Lingerie-Black-Red-Lace-Dress-G-string-Handcuff-Garter-Belt/1055149353.html
1174854264;work;Average;0;M;Autumn;slash-neck;sleeveless;natural;patchwork;0;43;http://www.aliexpress.com/item/Free-shipping-Lowest-price-New-Sexy-Marvelous-Bow-Strapless-Mini-Dress-LC2909/1174854264.html
1130994272;Casual;Low;5;M;Summer;v-neck;sleeveless;empire;animal;0;43;http://www.aliexpress.com/item/2013-Celebrity-Fashion-Ladies-Women-Summer-Fly-Sleeve-Slim-Waist-O-neck-Animal-Leopard-Print-Pleated/1130994272.html
891103323;Casual;Average;0;M;Spring;o-neck;sleeveless;natural;print;0;43;http://www.aliexpress.com/item/Free-shipping-2013-new-arrival-lace-dress-elegant-high-quality-women-s-black-full-dress-formal/891103323.html
828949946;Casual;High;4,9;S;Spring;o-neck;threequarter;natural;dot;1;42;http://www.aliexpress.com/item/NEW-CHIC-PLAID-CHECK-WOMEN-S-CREW-NECK-THREE-QUARTER-SLEEVE-DRESS-With-Belt-WF-3861/828949946.html
893088817;Casual;Medium;4,7;M;Spring;o-neck;sleeveless;natural;;1;42;http://www.aliexpress.com/item/plus-size-dress-audrey-dress-vintage-style-clothes-prom-dancewear/893088817.html
973481686;vintage;Average;4,3;free;winter;o-neck;short;;print;0;40;http://www.aliexpress.com/item/Fashion-2013-Elegant-Women-Ladies-Printing-Dresses-Vintage-Chiffon-Landscape-Floral-Summer-Mini-Short-Sleeve-Dress/973481686.html
1044683061;party;very-high;0;M;Winter;Sweetheart;sleeveless;natural;;1;39;http://www.aliexpress.com/item/Free-Shipping-PS02-In-Stock-Chiifon-Beaded-Ruffle-Floor-Length-Prom-Dress-2013/1044683061.html
736813752;party;high;4,6;M;Summer;slash-neck;sleeveless;natural;;1;38;http://www.aliexpress.com/item/Free-Shiping-Grace-Karin-New-Fashion-Stock-One-Shoulder-Pleated-Party-Gown-Prom-Ball-Evening/736813752.html
1175184188;Casual;Average;0;M;Summer;o-neck;half;natural;dot;1;37;http://www.aliexpress.com/item/2013-autumn-white-three-quarter-sleeve/1175184188.html
1044288976;Sexy;Average;5;M;Summer;o-neck;sleeveless;natural;;0;37;http://www.aliexpress.com/item/Dear-lover-New-Sexy-Stylish-Skintight-Denim-Dress-LC2861-Cheap-price-Drop-Shipping-Fast-Delivery/1044288976.html
943188872;bohemian;very-high;4,7;free;Winter;v-neck;sleeveless;;;1;36;http://www.aliexpress.com/item/NEW-WOMEN-V-NECK-FLORAL-PRINTS-SLEEVELESS-WAIST-CHIFFON-DRESS-WF-4067/943188872.html
1083779666;Casual;Average;5;M;Summer;o-neck;short;empire;animal;0;35;http://www.aliexpress.com/item/Free-Shipping-2013-Elegant-Ladies-Vintage-Printing-Chiffon-Dresses-Landscape-Floral-Summer-Mini-Short-Sleeve-Dress/1083779666.html
832391864;Casual;Average;0;L;Winter;open;short;natural;solid;1;35;http://www.aliexpress.com/item/New-Women-Clothes-Rivet-Sexy-Black-PU-Leather-Like-Mini-Skirt-Dress-Flared-Skirt/832391864.html
1083779666;Casual;Average;4,7;M;Winter;o-neck;short;empire;animal;0;35;http://www.aliexpress.com/item/Free-Shipping-2013-Elegant-Ladies-Vintage-Printing-Chiffon-Dresses-Landscape-Floral-Summer-Mini-Short-Sleeve-Dress/1083779666.html
801216472;cute;high;4,3;M;Spring;boat-neck;full;natural;solid;1;35;http://www.aliexpress.com/item/NALULA-2013-spring-loose-long-sleeve-plus-size-clothing-basic-shirt-white-black-lace-chiffon-one/801216472.html
1002440915;Casual;Medium;0;free;Spring;o-neck;sleeveless;natural;solid;1;33;http://www.aliexpress.com/item/Queen-slim-embroidery-mohini-paillette-one-piece-dress-elegant-quality-fashion-elegant-tank-dress-2013-female/1002440915.html
871620435;Brief;Low;4,7;free;Autumn;o-neck;sleeveless;natural;solid;0;33;http://www.aliexpress.com/item/2013-Summer-New-Fashion-Women-s-Casual-Dress-Paillette-Shoulder-Slim-Waist-Chiffon-Tank-Sundress-Free/871620435.html
949336768;Casual;high;5;free;Summer;v-neck;sleeveless;natural;;1;32;http://www.aliexpress.com/item/Free-Shipping-New-Gray-Bandage-Dress-Evening-Dresses/949336768.html
1024325244;Casual;Average;5;free;winter;o-neck;sleeveless;natural;;1;32;http://www.aliexpress.com/item/Free-shipping-New-Sexy-White-Lace-Black-Peplum-Dress-LC2830/1024325244.html
1065317917;Casual;Average;0;free;Autumn;v-neck;full;natural;solid;0;32;http://www.aliexpress.com/item/Free-Shipping-2012-autumn-loose-long-sleeve-embroidery-vintage-fur-ball-laciness-gentlewomen-knitted-cotton-one/1065317917.html
1055411544;Casual;Low;5;M;Summer;boat-neck;short;;solid;0;31;http://www.aliexpress.com/item/Bamboo-Fiber-Magic-Slimming-Underwear-Gen-Bamboo-Charcoal-Slimming-Suits-Pants-Bra-Bodysuit-Free-Shipping-Drop/1055411544.html
1053002876;work;Average;5;free;Winter;o-neck;half;;;0;31;http://www.aliexpress.com/item/Real-2013-Custom-Made-Half-Sleeve-Free-Shipping-High-Neck-Wedding-Dress-Wedding-Bridal-Shawl-Wrap/1053002876.html
1074432879;Casual;Average;5;S;Winter;o-neck;sleeveless;empire;plaid;0;30;http://www.aliexpress.com/item/Hot-Sale-summer-2013-fashion-top-Casual-dress-sleeveless-geometric-polka-waist-free-ship-dresses-minidress/1074432879.html
720099861;Casual;Average;4,6;free;Winter;v-neck;full;natural;striped;0;30;http://www.aliexpress.com/item/NEW-Year-Christmas-V-Neck-Slimming-Stripe-Print-Stretchy-Hip-Length-Long-Sleeve-Cotton-Knit-Dress/720099861.html
995964089;bohemian;Average;5;M;Spring;slash-neck;sleeveless;empire;solid;1;30;http://www.aliexpress.com/item/Good-quality-new-long-elegant-chiffon-skirt-Bohemian-dress-beach-dress-dress-is-free-shipping/995964089.html
1052420390;vintage;Average;5;M;Summer;v-neck;threequarter;natural;print;0;30;http://www.aliexpress.com/item/HOT-RETRO-NATIONAL-WIND-COLOR-PRINTING-POSITIONED-SHORT-IN-FRONT-LONG-LOOSE-V-NECK-CHIFFON-DRESS/1052420390.html
868453353;Casual;Low;4,9;free;winter;o-neck;sleeveless;empire;print;1;29;http://www.aliexpress.com/item/2013-Hot-Selling-women-dress-Elegant-feminine-dress-flowers-loose-tunic-Dress-women-casual-dress/868453353.html
682561447;party;very-high;5;M;Spring;slash-neck;sleeveless;natural;;1;29;http://www.aliexpress.com/item/Free-Shipping-GK-Stock-Long-One-Shoulder-Pleated-Blue-Gown-Prom-Ball-Evening-Party-Lace-Up/682561447.html
1113094204;Flare;Average;0;free;Spring;v-neck;short;empire;solid;1;28;http://www.aliexpress.com/item/Women-Sexy-Embellished-Fancy-Plastic-Pearls-Beaded-Backless-V-back-Short-Dress/1113094204.html
932913675;Casual;Low;5;free;Summer;o-neck;sleeveless;natural;solid;1;27;http://www.aliexpress.com/item/Free-shipping-2013-spring-and-summer-candy-4-color-all-match-large-free-size-modal-solid/932913675.html
842060995;Casual;Average;5;XL;Winter;boat-neck;full;;geometric;1;26;http://www.aliexpress.com/item/2013-Hot-sale-spring-and-autumn-high-quality-splicing-faux-twinset-design-maternity-dress-maternity-clothing/842060995.html
836788720;fashion;Average;4;free;Summer;open;full;;solid;0;26;http://www.aliexpress.com/item/free-shipping-2013-new-arrival-spring-summer-Womens-Sequin-Bead-Chain-Denim-Sleeveless-Waist-Jacket-Outerwear/836788720.html
1223469038;Sexy;Average;0;free;winter;slash-neck;sleeveless;natural;solid;1;26;http://www.aliexpress.com/item/Free-shipping-Lowest-price-New-Sexy-Captivating-Flower-Applique-Stretch-Bodycon-Dress-LC2908/1223469038.html
1051749304;work;Average;0;S;Autumn;o-neck;sleeveless;natural;patchwork;0;25;http://www.aliexpress.com/item/New-arrival-women-s-2013-summer-autumn-fashion-patchwork-sexy-open-back-casual-mini-sweet-cute/1051749304.html
857189807;Sexy;Low;4,5;free;Summer;o-neck;sleeveless;empire;solid;1;25;http://www.aliexpress.com/item/M-XXL-plus-szie-4-color-black-red-blue-purple-2013-new-Drop-free-ship-Sexy/857189807.html
1097548715;vintage;Medium;0;S;Winter;turndowncollor;half;natural;plaid;0;24;http://www.aliexpress.com/item/Free-Shipping-Autumn-Winter-Women-s-Victoria-vintage-turn-down-collar-plaid-printing-one-piece-dress/1097548715.html
689486739;party;very-high;4,5;M;Spring;v-neck;cap-sleeves;;;1;24;http://www.aliexpress.com/item/Best-Selling-Custom-Made-kate-middleton-Chiffon-V-neck-Lace-Sash-beading-floor-length-celebrity-dresses/689486739.html
1001750851;Casual;Low;1;M;Spring;o-neck;half;;;0;24;http://www.aliexpress.com/item/2013-Hot-Sale-summer-plus-size-clothing-casual-vintage-lace-the-wave-chiffon-dress-women-clothes/1001750851.html
1068332458;bohemian;Low;0;M;Summer;v-neck;sleeveless;empire;print;0;23;http://www.aliexpress.com/item/2013-fashion-women-s-maxi-dress-elegant-halter-neck-lacing-V-neck-graceful-printed-beach-dress/1068332458.html
1139843344;Sexy;Average;0;M;Autumn;o-neck;sleeveless;empire;print;0;23;http://www.aliexpress.com/item/2014-New-Women-Summer-Mini-Dresses-Sexy-Evening-Club-Dress-Lady-Fashion-Sleeveless-Big-Flower-Printed/1139843344.html
966030991;party;Average;0;M;Summer;o-neck;full;natural;patchwork;1;22;http://www.aliexpress.com/item/Free-Shipping-Low-Price-New-women-lady-Crew-Neck-Black-Stripe-Long-Causal-Long-Sleeve-Bottoming/966030991.html
1169895668;Casual;Average;0;L;Spring;boat-neck;sleeveless;natural;patchwork;1;21;http://www.aliexpress.com/item/New-Womens-Optical-Illusion-Colorblock-Cap-Sleeve-Bodycon-Party-Pencil-Dress/1169895668.html
1194626925;OL;Medium;0;M;Winter;mandarin-collor;half;natural;solid;0;21;http://www.aliexpress.com/item/2013-New-Fashion-Victoria-Beckham-Star-Style-Pencil-Dress-Slim-Waist-Slim-Hip-Half-Sleeve-Black/1194626925.html
1033843327;Casual;Average;0;free;Spring;o-neck;short;natural;plaid;0;20;http://www.aliexpress.com/item/wholesale-Free-Shipping-2013-new-fashion-women-Moonbeam-Dress-black-white-pink-blue/1033843327.html
822053936;party;Average;4,4;free;Autumn;v-neck;threequarter;natural;solid;0;20;http://www.aliexpress.com/item/Free-Shipping-155-new-arrival-lace-collar-long-t-shirt-slim-sexy-black-jumpsuit-cheap-price/822053936.html
1091666465;Casual;Average;5;M;Winter;o-neck;sleeveless;natural;solid;1;20;http://www.aliexpress.com/item/2013-Elegant-Fashion-Royal-Blue-Sleeveless-Back-Zipper-Belt-Pleated-Dress-For-Women-Free-Shipping/1091666465.html
785830491;cute;Average;0;XL;Spring;boat-neck;full;;dot;1;19;http://www.aliexpress.com/item/2013-New-Coming-Maternity-Dresses-Welcoming-Pregnant-Clothes-Women-Clothing-with-dot-pearl-Dress-5003/785830491.html
851256794;work;low;4,7;free;Summer;o-neck;full;empire;solid;0;19;http://www.aliexpress.com/item/Free-Shipping-2013-Women-s-Lady-s-Folds-Party-Long-Floor-Length-Cotton-Dress-Love31/851256794.html
751049573;cute;Average;4,8;M;Summer;o-neck;short;natural;solid;0;19;http://www.aliexpress.com/item/EAST-KNITTING-AA-130-Newest-Totem-floral-prints-ladies-slimm-strap-dress-Classic-Vintage-Collar-Exotic/751049573.html
1109819647;Casual;Average;0;free;winter;o-neck;short;natural;solid;0;19;http://www.aliexpress.com/item/Fashion-plus-size-one-piece-dress-women-s-slim-waist-chiffon-one-piece-dress-long-M/1109819647.html
942245416;Casual;Average;5;M;Spring;o-neck;threequarter;;;0;18;http://www.aliexpress.com/item/NEW-WOMEN-CREW-NECK-COLOR-POLKA-DOT-CHIFFON-DRESS-BACK-ZIPPER-WF-4076/942245416.html
1108356000;Casual;Average;0;M;Spring;o-neck;half;natural;;0;17;http://www.aliexpress.com/item/2013-free-shipping-The-sweet-elegant-lady-flower-print-lace-temperament-doll-collar-Slim-Sleeve-lace/1108356000.html
840857118;Brief;Average;0;M;Winter;peterpan-collor;threequarter;natural;patchwork;0;15;http://www.aliexpress.com/item/star-style-peter-pan-collar-fashion-brief-black-spring-dresses-Net-yarn-three-quarter-sleeve-ladies/840857118.html
967191118;Sexy;Low;4,8;free;Spring;v-neck;sleeveless;natural;striped;1;15;http://www.aliexpress.com/item/2013-New-Arrival-Sexy-Fashion-striped-Ladies-Summer-Mini-Dress-with-For-Party/967191118.html
1061890181;Casual;Average;0;L;Spring;o-neck;sleeveless;natural;solid;0;14;http://www.aliexpress.com/item/Womens-Chiffon-Handmade-Bead-Shoulder-Bow-Belt-Sleeveless-Pleated-Vest-Dress/1061890181.html
923983419;Casual;Average;5;free;Summer;v-neck;sleeveless;;patchwork;0;12;http://www.aliexpress.com/item/Free-shipping-2013-bodycon-dress-Fashion-sexy-neon-color-block-geometry-patchwork-pattern-slim-tube-top/923983419.html
1225512606;cute;High;0;M;Winter;o-neck;threequarter;empire;patchwork;0;11;http://www.aliexpress.com/item/free-shipping2013-autumn-new-arrive-fashion-brand-lace-dresses-three-floor-lace-net-slim-fit-dresses/1225512606.html
1078994436;Sexy;Average;0;S;Autumn;slash-neck;short;natural;solid;0;10;http://www.aliexpress.com/item/2013-Fashion-Womens-Lady-Off-Shoulder-Sexy-Party-Layer-Lace-Floral-Top-Pleated-Skinny-Mini-Dress/1078994436.html
720665176;Casual;Average;5;s;Spring;turndowncollor;full;empire;solid;0;10;http://www.aliexpress.com/item/Free-shipping-2013-new-Brands-Solid-brief-cotton-wool-ladies-dresses-Temperament-Slim-warm-women-s/720665176.html
830467746;bohemian;Medium;5;free;Autumn;o-neck;full;natural;patchwork;1;9;http://www.aliexpress.com/item/Free-shipping-2013-latest-nightclub-wind-lace-collar-long-T-shirt-cultivate-one-s-morality-show/830467746.html
1078431253;Casual;Low;0;free;Spring;v-neck;sleeveless;;print;0;9;http://www.aliexpress.com/item/East-Knitting-Fashions-FREE-SHIPPING-SK-048-2013-Women-Punk-Style-Skull-Paillette-Chiffon-Dress/1078431253.html
849613634;Casual;Average;3,7;free;Autumn;boat-neck;full;;solid;1;9;http://www.aliexpress.com/item/Fashion-new-arrival-2013-women-s-autumn-and-winter-lace-skirt-chiffon-pearl-long-sleeve-medium/849613634.html
771972560;work;low;4,5;M;Winter;v-neck;threequarter;;patchwork;0;9;http://www.aliexpress.com/item/EAST-KNITTING-BB-080-2013-Women-s-new-Korean-Ladies-large-size-fashion-Slim-stripe-dress/771972560.html
974438263;cute;Low;0;free;Spring;v-neck;sleeveless;natural;patchwork;1;9;http://www.aliexpress.com/item/2013-new-hot-fashion-women-clothing-cotton-cute-lace-casual-vintage-career-sheath-sheath-mini-sexy/974438263.html
641665398;Casual;Low;4,8;free;winter;bowneck;full;natural;solid;0;9;http://www.aliexpress.com/item/New-Fashion-Mini-Long-Sleeve-Butterfly-Flower-Woollen-Sweater-Short-Skirt-Dress-free-shopping/641665398.html
886501087;cute;low;0;L;Spring;o-neck;sleeveless;empire;;1;8;http://www.aliexpress.com/item/Free-shipping-2013-women-s-spring-bohemia-floral-print-spaghetti-strap-one-piece-dress-plus-size/886501087.html
1146088956;Casual;Medium;0;M;Autumn;v-neck;short;empire;solid;0;7;http://www.aliexpress.com/item/Hot-sales-Beckham-Same-Design-Sexy-2013-Victoria-Fashion-V-neck-Short-Sleeve-Dress-Red-Black/1146088956.html
929797706;Casual;Low;0;free;;o-neck;full;natural;patchwork;0;7;http://www.aliexpress.com/item/New2013fashion-Women-s-Long-Sleeve-T-Shirts-Ladies-Top-Wear-Lady-Clothes-O-Neck-Tops-Blouse/929797706.html
1108073621;party;Medium;0;free;Winter;v-neck;short;empire;;1;7;http://www.aliexpress.com/item/2013-new-arrival-long-fashion-women-evening-dresses-black-nude-lace-short-sleeve-cheap-party-prom/1108073621.html
952724683;party;Average;0;M;Spring;v-neck;sleeveless;natural;;1;7;http://www.aliexpress.com/item/Fashion-involucres-bow-double-v-long-design-bridesmaid-dress-evening-dress-costume/952724683.html
1071947910;Sexy;Average;0;S;Autumn;v-neck;sleeveless;empire;solid;0;6;http://www.aliexpress.com/item/Sexy-Womens-Lady-Halter-Sleeveless-Backless-Slim-Fit-Night-Clubbing-Corset-Eveing-Red-Black-Size-S/1071947910.html
1190380701;vintage;High;0;L;Autumn;o-neck;full;natural;print;0;5;http://www.aliexpress.com/item/Free-shipping2013-Autumn-Women-s-Lacework-Dress-Fashion-O-neck-Long-Sleeve-Lace-Bowknot-Plus-Size/1190380701.html
985292672;bohemian;Low;0;free;Summer;v-neck;sleeveless;natural;;1;5;http://www.aliexpress.com/item/Hot-Sale-2013-Free-shipping-Bohemia-style-chiffon-long-dress/985292672.html
1053296757;cute;High;0;M;Spring;v-neck;full;natural;solid;1;5;http://www.aliexpress.com/item/Sexy-Womens-Elegant-Puff-Sleeve-Beads-Peplum-Cocktail-Evening-Mini-Dress-2-Color/1053296757.html
638423913;Casual;Medium;4,5;S;Winter;o-neck;full;natural;patchwork;1;5;http://www.aliexpress.com/item/Autumn-new-arrival-ol-evidenced-elegant-black-and-white-patchwork-slim-hip-slim-plus-size-knitted/638423913.html
1077015977;vintage;Average;0;free;Summer;o-neck;sleeveless;;;0;5;http://www.aliexpress.com/item/EAST-KNITTING-fashion-LJ-888-New-2013-spring-summer-new-womens-Court-style-Retro-Lace-Sleeveless/1077015977.html
1054555186;party;very-high;0;M;Winter;v-neck;cap-sleeves;;;0;5;http://www.aliexpress.com/item/Haute-couture-outfit-mother-of-2013-new-party/1054555186.html
975877364;work;Average;0;M;Summer;v-neck;sleeveless;natural;solid;1;5;http://www.aliexpress.com/item/2013-Spring-Autumn-New-Women-Work-Knee-Length-Ruffle-Dress-Backless-Sexy-Short-Cotton-Dresses-for/975877364.html
1119360745;Casual;Average;3;M;Spring;turndowncollor;short;empire;patchwork;0;5;http://www.aliexpress.com/item/Promotion-2013-Women-Autumn-Sexy-Brand-Victoria-Slim-Club-Dresses-blue-Free-Shipping-lyq53/1119360745.html
1155548915;vintage;High;0;L;Summer;o-neck;short;natural;print;0;4;http://www.aliexpress.com/item/Free-Shipping-New-Fashion-Chan-Style-O-Neck-Audrey-Hepburn-Elegance-One-Piece-Sheath-Knee-Length/1155548915.html
832191944;cute;Medium;5;free;Winter;o-neck;sleeveless;natural;solid;1;4;http://www.aliexpress.com/item/YM-D005-New-Arrival-Sexy-Elegant-Sweet-Women-s-Slim-Dress-Big-Red-Lace-Beautiful-Dress/832191944.html
659466129;Casual;Average;0;M;winter;o-neck;full;natural;solid;1;4;http://www.aliexpress.com/item/free-shipping-cotton-chinese-style-red-and-black-autumn-dress-fur-collar-Long-sleeve-dress-with/659466129.html
1163040038;party;high;0;M;Winter;Sweetheart;sleeveless;natural;;0;4;http://www.aliexpress.com/item/2013-one-shoulder-strap-wedding-qi-formal-dress-embroidered-lace-wedding-dress-princess-sweet-slim/1163040038.html
961972778;Casual;very-high;0;S;Spring;o-neck;full;;;0;4;http://www.aliexpress.com/item/Elegant-Modern-Plus-Size-Pink-Mother-of-the-Bride-Groom-Dresses-Tea-Length-Custom-Made/961972778.html
768517084;Sexy;Average;0;free;Autumn;v-neck;sleeveless;natural;patchwork;0;3;http://www.aliexpress.com/item/New-Lady-Sexy-Strapless-Sweet-Pink-Heart-Shape-Lace-Breast-Cup-Pleated-Patchwork-Princess-Club-Chiffon/768517084.html
1059959935;Casual;Average;0;free;Spring;o-neck;short;;;1;3;http://www.aliexpress.com/item/2013-free-shipping-Newest-hot-sale-Sweet-Fashion-Cozy-Lace-Short-Sleeve-round-neck-solid-color/1059959935.html
1197211965;cute;Low;0;free;Summer;boat-neck;sleeveless;;print;0;3;http://www.aliexpress.com/item/At-a-free-shipping-Sexy-women-s-shoulder-pads-elegant-fancy-brief-slim-hip-slim-one/1197211965.html
1107279894;party;very-high;0;M;Spring;v-neck;threequarter;natural;;1;3;http://www.aliexpress.com/item/3-4-Sleeves-Elegant-V-Neck-2013-See-Through-Appliques-Lace-A-Line-Backless-Arabic-Women/1107279894.html
774130360;Casual;Average;0;free;Winter;v-neck;full;;solid;1;3;http://www.aliexpress.com/item/Free-Shipping-2013-autumn-women-s-c8501-casual-fashion-personality-collar-saliva-pocket-long-sleeve-dress/774130360.html
1097435333;Casual;Average;0;free;Summer;bowneck;half;;;0;3;http://www.aliexpress.com/item/Handmade-crochet-shirt-skirt-reticularis-pullover-bikini-heliosphere-skirt-three-quarter-sleeve-crochet-dress/1097435333.html
939770391;Casual;Average;0;free;Spring;o-neck;sleeveless;natural;solid;0;2;http://www.aliexpress.com/item/Free-Shipping-White-Black-Sexy-New-Lady-s-Pure-Splicing-Lace-Chiffon-Sleeveless-Fashion-Long-Dress/939770391.html
578702321;Sexy;low;4,7;free;Summer;turndowncollor;sleeveless;natural;solid;1;2;http://www.aliexpress.com/item/2012-New-women-s-sexy-backless-dresses-small-formal-dresses-Sleeveless-Slim-Mini-Dress-Black-free/578702321.html
1069595866;sexy;Medium;5;M;Winter;o-neck;sleeveless;empire;solid;0;2;http://www.aliexpress.com/item/FREE-FAST-SHIPPING-Sexy-Open-Black-Dress-Pink-white-pleated-Skater-bow-halter-backless-women-fashion/1069595866.html
1059306768;Casual;Average;0;free;Summer;v-neck;sleeveless;natural;patchwork;0;2;http://www.aliexpress.com/item/Fashion-Sexy-Off-Shoulder-Backless-Party-Patchwork-Wrapped-Chest-Strapless-White-Black-Tube-casual-Dress/1059306768.html
1132858821;Sexy;very-high;0;free;Winter;v-neck;sleeveless;natural;solid;0;2;http://www.aliexpress.com/item/Free-Shipping-2013-New-Arrival-Cream-Deep-V-Neck-Bandage-Dress-Celebrity-Dresses/1132858821.html
1091877430;party;high;0;M;Spring;Sweetheart;sleeveless;;;0;2;http://www.aliexpress.com/item/For-Apac-Region-HL-Bandage-Dress-Orange-Ladies-Evening-Dress-Celebrity-Dress/1091877430.html
1193747589;party;very-high;0;M;Winter;o-neck;full;natural;;1;2;http://www.aliexpress.com/item/Cheap-Latest-Lace-Openwork-Feathers-Word-Shoulder-Long-Sleeve-Wedding-Dress-Free-Of-Charge-Veil-Gloves/1193747589.html
1250787559;cute;Low;0;free;Spring;v-neck;sleeveless;empire;;1;2;http://www.aliexpress.com/item/Free-shipping-2013-women-s-leopard-print-V-neck-sleeveless-tank-dress-one-piece-dress-miniskirt/1250787559.html
1190558632;cute;Average;0;L;Summer;o-neck;sleeveless;empire;solid;1;2;http://www.aliexpress.com/item/women-dress-summer-2013-new-western-style-retro-elegant-gold-lace-yellow-black-sexy-sheath-night/1190558632.html
884147971;Casual;Medium;0;L;Winter;boat-neck;full;empire;solid;1;1;http://www.aliexpress.com/item/New-designer-autumn-and-winter-pearl-o-neck-three-dimensional-wool-knitted-pink-long-sleeve-basic/884147971.html
1027818824;Casual;Medium;0;M;Spring;v-neck;threequarter;natural;solid;1;1;http://www.aliexpress.com/item/free-shipping-2013-spring-and-summer-bohemia-full-dress-chiffon-one-piece-dress-beach-dress-long/1027818824.html
1199064757;Casual;low;0;free;Spring;v-neck;threequarter;;;1;1;http://www.aliexpress.com/item/Ladies-Sexy-Flower-Scalloped-Neck-Middle-3-4-Sleeve-Women-s-party-evening-elegant-Mini-Lace/1199064757.html
1017678811;Casual;low;0;free;Autumn;peterpan-collor;threequarter;empire;;0;1;http://www.aliexpress.com/item/Patchwork-round-dot-peter-pan-collar-princess-sleeve-three-quarter-sleeve-slim-one-piece-dress-dn0542/1017678811.html
908989488;bohemian;Average;0;free;Spring;o-neck;sleeveless;natural;striped;1;1;http://www.aliexpress.com/item/Free-Shipping-2013-Bohemian-chiffon-dress-summer-women-s-striped-long-dress-Wholesale-Retail/908989488.html
1139064593;Casual;high;0;L;winter;v-neck;threequarter;natural;solid;1;1;http://www.aliexpress.com/item/Free-shipping-2013-new-Celebrity-princess-Kate-Middleton-Fashion-Skinny-white-color-dresses/1139064593.html
703395323;Casual;Medium;0;free;Winter;bowneck;full;;solid;1;1;http://www.aliexpress.com/item/Fashion-2012-autumn-and-winter-thickening-ultra-long-knitted-long-sleeve-dress-expansion-bottom-full-dress/703395323.html
898316315;party;Average;0;M;Spring;o-neck;sleeveless;;solid;1;1;http://www.aliexpress.com/item/strapless-dress-A-line-dress-bohemian-chiffon-dress-elegant-dress-put-on-a-large/898316315.html
1124754999;Sexy;Average;0;S;Summer;v-neck;sleeveless;;;1;1;http://www.aliexpress.com/item/Fashion-queen-sexy-low-cut-racerback-slim-hip-tight-fitting-reversible-long-sleeve-leopard-print-one/1124754999.html
1199765487;Casual;Average;0;S;Summer;o-neck;sleeveless;empire;solid;0;0;http://www.aliexpress.com/item/2013-fashion-Neon-cute-dress-belt-dress-pleated-sexy-dress-Skater-Skirt-Dress-neon-green-yellow/1199765487.html
1108613896;party;very-high;0;L;Winter;v-neck;sleeveless;natural;;0;0;http://www.aliexpress.com/item/New-Arrival-A-line-V-neck-Top-Heavy-Beaded-Tulle-Ruffle-Tarik-Ediz-Evening-Dresses/1108613896.html
907669618;Sexy;Average;0;free;Spring;v-neck;full;natural;solid;1;0;http://www.aliexpress.com/item/Free-shipping-New-winter-Women-Slim-bottoming-long-sleeveblack-dress-fashion-dress-Wholesale-Retail/907669618.html
1253973206;cute;Low;0;M;Summer;boat-neck;short;;;0;0;http://www.aliexpress.com/item/8098-2014-three-color-chiffon-skirt-delicate-belt-self-shade-midguts-chiffon-one-piece-dress-female/1253973206.html
